No. of nodes,Tool
5578,panaroo
340,panaroo
147,panaroo
81,panaroo
37,panaroo
32,panaroo
10,panaroo
3,panaroo
9,panaroo
2,panaroo
2,panaroo
1,panaroo
1,panaroo
1,panaroo
1,panaroo
1,panaroo
1,panaroo
1,panaroo
1,panaroo
1,panaroo
1,panaroo
1,panaroo
1,panaroo
1,panaroo
1,panaroo
12,panaroo
1,panaroo
156,panaroo
3,panaroo
1,panaroo
1,panaroo
1,panaroo
1,panaroo
1,panaroo
1,panaroo
129,panaroo
1,panaroo
1,panaroo
1,panaroo
1,panaroo
1,panaroo
1,panaroo
1,panaroo
1,panaroo
99,panaroo
1,panaroo
1,panaroo
2,panaroo
1,panaroo
1,panaroo
1,panaroo
1,panaroo
1,panaroo
1,panaroo
1,panaroo
1,panaroo
1,panaroo
1,panaroo
1,panaroo
1,panaroo
2,panaroo
1,panaroo
1,panaroo
1,panaroo
1,panaroo
1,panaroo
1,panaroo
1,panaroo
1,panaroo
4,panaroo
4,panaroo
1,panaroo
1,panaroo
1,panaroo
1,panaroo
1,panaroo
1,panaroo
1,panaroo
2,panaroo
2,panaroo
1,panaroo
1,panaroo
1,panaroo
1,panaroo
1,panaroo
1,panaroo
1,panaroo
7,panaroo
1,panaroo
2,panaroo
1,panaroo
1,panaroo
1,panaroo
1,panaroo
1,panaroo
1,panaroo
2,panaroo
1,panaroo
3,panaroo
1,panaroo
33,panaroo
21,panaroo
7,panaroo
1,panaroo
1,panaroo
1,panaroo
1,panaroo
1,panaroo
12,panaroo
1,panaroo
1,panaroo
1,panaroo
2,panaroo
1,panaroo
2,panaroo
2,panaroo
1,panaroo
6,panaroo
1,panaroo
1,panaroo
1,panaroo
7,panaroo
1,panaroo
1,panaroo
1,panaroo
1,panaroo
1,panaroo
18,panaroo
1,panaroo
1,panaroo
1,panaroo
1,panaroo
2,panaroo
1,panaroo
1,panaroo
1,panaroo
1,panaroo
1,panaroo
1,panaroo
1,panaroo
1,panaroo
1,panaroo
1,panaroo
1,panaroo
2,panaroo
9219,roary
1,roary
1,roary
1,roary
1,roary
10,roary
1,roary
1,roary
2,roary
19,roary
1,roary
6,roary
1,roary
1,roary
2,roary
1,roary
1,roary
1,roary
19,roary
1,roary
2,roary
1,roary
1,roary
1,roary
1,roary
34,roary
2,roary
1,roary
29,roary
1,roary
1,roary
1,roary
1,roary
1,roary
1,roary
1,roary
1,roary
1,roary
5,roary
1,roary
1,roary
1,roary
1,roary
1,roary
3,roary
1,roary
1,roary
14,roary
3,roary
1,roary
1,roary
1,roary
1,roary
3,roary
1,roary
2,roary
1,roary
1,roary
1,roary
1,roary
1,roary
1,roary
1,roary
1,roary
1,roary
1,roary
12,roary
1,roary
1,roary
1,roary
6,roary
1,roary
5,roary
1,roary
2,roary
2,roary
1,roary
1,roary
1,roary
1,roary
1,roary
1,roary
1,roary
1,roary
1,roary
1,roary
1,roary
1,roary
1,roary
1,roary
1,roary
1,roary
1,roary
1,roary
4,roary
1,roary
1,roary
1,roary
1,roary
1,roary
1,roary
1,roary
1,roary
1,roary
1,roary
1,roary
1,roary
1,roary
1,roary
1,roary
1,roary
1,roary
1,roary
1,roary
1,roary
1,roary
1,roary
1,roary
1,roary
1,roary
1,roary
1,roary
1,roary
1,roary
1,roary
2,roary
2,roary
1,roary
1,roary
1,roary
1,roary
1,roary
1,roary
1,roary
1,roary
1,roary
1,roary
1,roary
1,roary
1,roary
1,roary
1,roary
1,roary
1,roary
1,roary
1,roary
1,roary
1,roary
1,roary
1,roary
1,roary
1,roary
1,roary
1,roary
1,roary
1,roary
1,roary
1,roary
1,roary
1,roary
1,roary
1,roary
1,roary
1,roary
1,roary
1,roary
1,roary
1,roary
1,roary
2,roary
1,roary
1,roary
1,roary
1,roary
1,roary
1,roary
1,roary
1,roary
1,roary
1,roary
1,roary
1,roary
1,roary
1,roary
1,roary
1,roary
1,roary
1,roary
1,roary
1,roary
2,roary
1,roary
1,roary
1,roary
1,roary
1,roary
1,roary
1,roary
2,roary
1,roary
1,roary
1,roary
1,roary
1,roary
1,roary
1,roary
2,roary
1,roary
1,roary
2,roary
1,roary
1,roary
2,roary
1,roary
1,roary
1,roary
1,roary
1,roary
1,roary
1,roary
1,roary
1,roary
1,roary
1,roary
1,roary
1,roary
1,roary
1,roary
1,roary
1,roary
1,roary
1,roary
1,roary
1,roary
1,roary
1,roary
1,roary
1,roary
1,roary
1,roary
1,roary
1,roary
1,roary
1,roary
1,roary
1,roary
1,roary
1,roary
1,roary
1,roary
1,roary
1,roary
1,roary
1,roary
1,roary
1,roary
1,roary
1,roary
1,roary
6,roary
1,roary
1,roary
1,roary
2,roary
2,roary
1,roary
2,roary
1,roary
2,roary
1,roary
1,roary
1,roary
1,roary
1,roary
1,roary
1,roary
1,roary
1,roary
1,roary
1,roary
1,roary
1,roary
1,roary
1,roary
1,roary
1,roary
1,roary
1,roary
1,roary
2,roary
1,roary
1,roary
1,roary
1,roary
1,roary
1,roary
1,roary
1,roary
1,roary
1,roary
1,roary
1,roary
1,roary
1,roary
1,roary
1,roary
1,roary
1,roary
1,roary
1,roary
1,roary
1,roary
1,roary
1,roary
1,roary
1,roary
1,roary
1,roary
1,roary
1,roary
1,roary
1,roary
1,roary
1,roary
1,roary
1,roary
1,roary
1,roary
2,roary
2,roary
1,roary
1,roary
1,roary
1,roary
1,roary
1,roary
1,roary
1,roary
1,roary
1,roary
1,roary
1,roary
1,roary
1,roary
2,roary
1,roary
1,roary
3,roary
1,roary
1,roary
1,roary
1,roary
1,roary
1,roary
1,roary
1,roary
3,roary
7,roary
2,roary
1,roary
1,roary
1,roary
1,roary
1,roary
1,roary
1,roary
1,roary
1,roary
1,roary
1,roary
1,roary
1,roary
1,roary
1,roary
1,roary
1,roary
1,roary
1,roary
1,roary
1,roary
1,roary
1,roary
2,roary
1,roary
1,roary
3,roary
1,roary
2,roary
1,roary
1,roary
1,roary
1,roary
1,roary
1,roary
1,roary
2,roary
2,roary
1,roary
1,roary
1,roary
1,roary
1,roary
2,roary
1,roary
1,roary
1,roary
1,roary
1,roary
1,roary
2,roary
1,roary
1,roary
1,roary
1,roary
1,roary
1,roary
1,roary
1,roary
1,roary
1,roary
1,roary
1,roary
1,roary
1,roary
1,roary
1,roary
1,roary
1,roary
1,roary
1,roary
1,roary
1,roary
1,roary
1,roary
1,roary
1,roary
1,roary
1,roary
1,roary
1,roary
1,roary
1,roary
1,roary
1,roary
1,roary
1,roary
1,roary
1,roary
1,roary
1,roary
1,roary
1,roary
1,roary
1,roary
1,roary
1,roary
1,roary
1,roary
1,roary
1,roary
1,roary
1,roary
1,roary
1,roary
1,roary
1,roary
1,roary
1,roary
1,roary
1,roary
1,roary
1,roary
1,roary
1,roary
1,roary
1,roary
1,roary
2,roary
1,roary
1,roary
2,roary
1,roary
1,roary
1,roary
1,roary
1,roary
1,roary
1,roary
1,roary
1,roary
1,roary
1,roary
1,roary
1,roary
1,roary
1,roary
1,roary
1,roary
1,roary
1,roary
1,roary
1,roary
2,roary
1,roary
1,roary
1,roary
1,roary
1,roary
1,roary
1,roary
1,roary
1,roary
1,roary
1,roary
1,roary
1,roary
1,roary
1,roary
1,roary
1,roary
1,roary
1,roary
1,roary
1,roary
1,roary
1,roary
1,roary
1,roary
1,roary
1,roary
1,roary
1,roary
1,roary
1,roary
1,roary
1,roary
1,roary
1,roary
2,roary
1,roary
1,roary
1,roary
1,roary
1,roary
2,roary
1,roary
1,roary
1,roary
1,roary
1,roary
1,roary
1,roary
1,roary
2,roary
1,roary
1,roary
1,roary
1,roary
1,roary
1,roary
1,roary
1,roary
1,roary
1,roary
1,roary
1,roary
1,roary
1,roary
1,roary
1,roary
1,roary
1,roary
1,roary
1,roary
1,roary
1,roary
1,roary
1,roary
1,roary
1,roary
1,roary
1,roary
1,roary
1,roary
1,roary
1,roary
1,roary
1,roary
1,roary
1,roary
1,roary
1,roary
1,roary
1,roary
1,roary
1,roary
1,roary
1,roary
1,roary
1,roary
1,roary
1,roary
1,roary
1,roary
1,roary
1,roary
1,roary
1,roary
1,roary
1,roary
1,roary
1,roary
1,roary
1,roary
1,roary
1,roary
1,roary
1,roary
1,roary
1,roary
1,roary
1,roary
7042,PPanGGOLiN
1,PPanGGOLiN
82,PPanGGOLiN
1,PPanGGOLiN
32,PPanGGOLiN
9,PPanGGOLiN
1,PPanGGOLiN
1,PPanGGOLiN
1,PPanGGOLiN
10,PPanGGOLiN
13,PPanGGOLiN
1,PPanGGOLiN
1,PPanGGOLiN
1,PPanGGOLiN
1,PPanGGOLiN
3,PPanGGOLiN
10,PPanGGOLiN
1,PPanGGOLiN
1,PPanGGOLiN
1,PPanGGOLiN
1,PPanGGOLiN
1,PPanGGOLiN
1,PPanGGOLiN
1,PPanGGOLiN
1,PPanGGOLiN
1,PPanGGOLiN
1,PPanGGOLiN
1,PPanGGOLiN
3,PPanGGOLiN
1,PPanGGOLiN
2,PPanGGOLiN
1,PPanGGOLiN
1,PPanGGOLiN
1,PPanGGOLiN
1,PPanGGOLiN
1,PPanGGOLiN
1,PPanGGOLiN
1,PPanGGOLiN
1,PPanGGOLiN
2,PPanGGOLiN
1,PPanGGOLiN
1,PPanGGOLiN
1,PPanGGOLiN
1,PPanGGOLiN
1,PPanGGOLiN
1,PPanGGOLiN
1,PPanGGOLiN
1,PPanGGOLiN
1,PPanGGOLiN
1,PPanGGOLiN
1,PPanGGOLiN
1,PPanGGOLiN
1,PPanGGOLiN
1,PPanGGOLiN
3,PPanGGOLiN
1,PPanGGOLiN
1,PPanGGOLiN
1,PPanGGOLiN
1,PPanGGOLiN
1,PPanGGOLiN
2,PPanGGOLiN
1,PPanGGOLiN
1,PPanGGOLiN
1,PPanGGOLiN
1,PPanGGOLiN
1,PPanGGOLiN
22,ggcaller
9,ggcaller
4960,ggcaller
8,ggcaller
26,ggcaller
3,ggcaller
49,ggcaller
26,ggcaller
1,ggcaller
42,ggcaller
37,ggcaller
186,ggcaller
33,ggcaller
7,ggcaller
30,ggcaller
1,ggcaller
130,ggcaller
1,ggcaller
104,ggcaller
6,ggcaller
1,ggcaller
1,ggcaller
2,ggcaller
16,ggcaller
21,ggcaller
38,ggcaller
143,ggcaller
16,ggcaller
45,ggcaller
5,ggcaller
24,ggcaller
9,ggcaller
5,ggcaller
1,ggcaller
150,ggcaller
1,ggcaller
8,ggcaller
1,ggcaller
41,ggcaller
8,ggcaller
1,ggcaller
1,ggcaller
1,ggcaller
3,ggcaller
37,ggcaller
30,ggcaller
73,ggcaller
9,ggcaller
20,ggcaller
2,ggcaller
10,ggcaller
1,ggcaller
14,ggcaller
2,ggcaller
17,ggcaller
12,ggcaller
1,ggcaller
47,ggcaller
1,ggcaller
9,ggcaller
1,ggcaller
14,ggcaller
1,ggcaller
2,ggcaller
1,ggcaller
4,ggcaller
4,ggcaller
1,ggcaller
1,ggcaller
1,ggcaller
1,ggcaller
1,ggcaller
7,ggcaller
1,ggcaller
1,ggcaller
2,ggcaller
20,ggcaller
1,ggcaller
1,ggcaller
1,ggcaller
1,ggcaller
21,ggcaller
1,ggcaller
2,ggcaller
1,ggcaller
1,ggcaller
1,ggcaller
1,ggcaller
16,ggcaller
1,ggcaller
1,ggcaller
1,ggcaller
1,ggcaller
1,ggcaller
1,ggcaller
1,ggcaller
2,ggcaller
1,ggcaller
9,ggcaller
1,ggcaller
1,ggcaller
6,ggcaller
1,ggcaller
1,ggcaller
1,ggcaller
1,ggcaller
1,ggcaller
3,ggcaller
1,ggcaller
3,ggcaller
3,ggcaller
1,ggcaller
1,ggcaller
1,ggcaller
1,ggcaller
1,ggcaller
1,ggcaller
1,ggcaller
6,ggcaller
3,ggcaller
1,ggcaller
1,ggcaller
12,ggcaller
1,ggcaller
3,ggcaller
10,ggcaller
4,ggcaller
1,ggcaller
1,ggcaller
2,ggcaller
1,ggcaller
1,ggcaller
1,ggcaller
2,ggcaller
1,ggcaller
1,ggcaller
1,ggcaller
19,ggcaller
1,ggcaller
3,ggcaller
1,ggcaller
1,ggcaller
2,ggcaller
1,ggcaller
1,ggcaller
1,ggcaller
3,ggcaller
10,ggcaller
12,ggcaller
1,ggcaller
2,ggcaller
1,ggcaller
1,ggcaller
1,ggcaller
1,ggcaller
1,ggcaller
7,ggcaller
1,ggcaller
1,ggcaller
1,ggcaller
1,ggcaller
2,ggcaller
1,ggcaller
2,ggcaller
1,ggcaller
1,ggcaller
1,ggcaller
1,ggcaller
5,ggcaller
4,ggcaller
5,ggcaller
1,ggcaller
1,ggcaller
1,ggcaller
1,ggcaller
3,ggcaller
1,ggcaller
1,ggcaller
2,ggcaller
1,ggcaller
1,ggcaller
1,ggcaller
1,ggcaller
1,ggcaller
6,ggcaller
1,ggcaller
1,ggcaller
1,ggcaller
1,ggcaller
1,ggcaller
1,ggcaller
1,ggcaller
1,ggcaller
1,ggcaller
1,ggcaller
1,ggcaller
1,ggcaller
1,ggcaller
1,ggcaller
1,ggcaller
1,ggcaller
1,ggcaller
1,ggcaller
1,ggcaller
1,ggcaller
1,ggcaller
1,ggcaller
1,ggcaller
1,ggcaller
1,ggcaller
1,ggcaller
1,ggcaller
1,ggcaller
1,ggcaller
1,ggcaller
1,ggcaller
1,ggcaller
1,ggcaller
1,ggcaller
1,ggcaller
1,ggcaller
1,ggcaller
1,ggcaller
1,ggcaller
1,ggcaller
1,ggcaller
1,ggcaller
1,ggcaller
1,ggcaller
1,ggcaller
1,ggcaller
1,ggcaller
1,ggcaller
1,ggcaller
1,ggcaller
3,ggcaller
1,ggcaller
1,ggcaller
1,ggcaller
1,ggcaller
3,ggcaller
1,ggcaller
1,ggcaller
1,ggcaller
1,ggcaller
1,ggcaller
1,ggcaller
1,ggcaller
1,ggcaller
1,ggcaller
1,ggcaller
1,ggcaller
1,ggcaller
1,ggcaller
1,ggcaller
1,ggcaller
1,ggcaller
1,ggcaller
1,ggcaller
1,ggcaller
1,ggcaller
1,ggcaller
1,ggcaller
1,ggcaller
1,ggcaller
1,ggcaller
14,ggcaller
5,ggcaller
1,ggcaller
1,ggcaller
1,ggcaller
1,ggcaller
1,ggcaller
1,ggcaller
1,ggcaller
1,ggcaller
1,ggcaller
1,ggcaller
1,ggcaller
1,ggcaller
1,ggcaller
1,ggcaller
1,ggcaller
1,ggcaller
1,ggcaller
1,ggcaller
1,ggcaller
1,ggcaller
1,ggcaller
1,ggcaller
1,ggcaller
1,ggcaller
1,ggcaller
1,ggcaller
13,ggcaller
1,ggcaller
1,ggcaller
1,ggcaller
1,ggcaller
1,ggcaller
1,ggcaller
1,ggcaller
3,ggcaller
1,ggcaller
1,ggcaller
1,ggcaller
1,ggcaller
1,ggcaller
1,ggcaller
1,ggcaller
1,ggcaller
1,ggcaller
1,ggcaller
1,ggcaller
1,ggcaller
1,ggcaller
1,ggcaller
1,ggcaller
1,ggcaller
1,ggcaller
2,ggcaller
11,ggcaller
1,ggcaller
1,ggcaller
1,ggcaller
1,ggcaller
1,ggcaller
1,ggcaller
1,ggcaller
1,ggcaller
1,ggcaller
2,ggcaller
1,ggcaller
1,ggcaller
1,ggcaller
1,ggcaller
2,ggcaller
1,ggcaller
1,ggcaller
1,ggcaller
5,ggcaller
1,ggcaller
1,ggcaller
1,ggcaller
1,ggcaller
1,ggcaller
1,ggcaller
1,ggcaller
1,ggcaller
1,ggcaller
1,ggcaller
1,ggcaller
1,ggcaller
1,ggcaller
1,ggcaller
1,ggcaller
1,ggcaller
1,ggcaller
1,ggcaller
1,ggcaller
1,ggcaller
1,ggcaller
1,ggcaller
2,ggcaller
4,ggcaller
1,ggcaller
1,ggcaller
1,ggcaller
1,ggcaller
1,ggcaller
1,ggcaller
1,ggcaller
1,ggcaller
1,ggcaller
4,ggcaller
1,ggcaller
1,ggcaller
1,ggcaller
1,ggcaller
1,ggcaller
1,ggcaller
1,ggcaller
1,ggcaller
1,ggcaller
1,ggcaller
1,ggcaller
1,ggcaller
1,ggcaller
1,ggcaller
2,ggcaller
1,ggcaller
1,ggcaller
1,ggcaller
1,ggcaller
1,ggcaller
1,ggcaller
1,ggcaller
1,ggcaller
1,ggcaller
1,ggcaller
1,ggcaller
2,ggcaller
1,ggcaller
1,ggcaller
1,ggcaller
1,ggcaller
1,ggcaller
1,ggcaller
1,ggcaller
1,ggcaller
2,ggcaller
1,ggcaller
1,ggcaller
1,ggcaller
1,ggcaller
1,ggcaller
1,ggcaller
1,ggcaller
5,ggcaller
1,ggcaller
1,ggcaller
2,ggcaller
1,ggcaller
1,ggcaller
1,ggcaller
1,ggcaller
1,ggcaller
1,ggcaller
1,ggcaller
1,ggcaller
1,ggcaller
1,ggcaller
1,ggcaller
1,ggcaller
1,ggcaller
1,ggcaller
1,ggcaller
1,ggcaller
1,ggcaller
1,ggcaller
1,ggcaller
1,ggcaller
1,ggcaller
1,ggcaller
1,ggcaller
1,ggcaller
1,ggcaller
1,ggcaller
1,ggcaller
1,ggcaller
1,ggcaller
1,ggcaller
1,ggcaller
1,ggcaller
1,ggcaller
1,ggcaller
1,ggcaller
1,ggcaller
1,ggcaller
1,ggcaller
1,ggcaller
1,ggcaller
1,ggcaller
1,ggcaller
1,ggcaller
1,ggcaller
1,ggcaller
1,ggcaller
1,ggcaller
1,ggcaller
1,ggcaller
1,ggcaller
1,ggcaller
1,ggcaller
1,ggcaller
1,ggcaller
2,ggcaller
1,ggcaller
1,ggcaller
2,ggcaller
1,ggcaller
1,ggcaller
1,ggcaller
1,ggcaller
1,ggcaller
1,ggcaller
1,ggcaller
1,ggcaller
1,ggcaller
1,ggcaller
1,ggcaller
1,ggcaller
1,ggcaller
1,ggcaller
1,ggcaller
1,ggcaller
1,ggcaller
1,ggcaller
1,ggcaller
1,ggcaller
1,ggcaller
2,ggcaller
1,ggcaller
1,ggcaller
1,ggcaller
1,ggcaller
1,ggcaller
1,ggcaller
1,ggcaller
1,ggcaller
1,ggcaller
1,ggcaller
1,ggcaller
1,ggcaller
1,ggcaller
1,ggcaller
1,ggcaller
1,ggcaller
1,ggcaller
1,ggcaller
1,ggcaller
1,ggcaller
1,ggcaller
1,ggcaller
1,ggcaller
1,ggcaller
1,ggcaller
1,ggcaller
1,ggcaller
1,ggcaller
1,ggcaller
1,ggcaller
1,ggcaller
1,ggcaller
1,ggcaller
1,ggcaller
1,ggcaller
1,ggcaller
1,ggcaller
1,ggcaller
1,ggcaller
1,ggcaller
1,ggcaller
1,ggcaller
1,ggcaller
1,ggcaller
1,ggcaller
1,ggcaller
1,ggcaller
1,ggcaller
1,ggcaller
1,ggcaller
1,ggcaller
1,ggcaller
1,ggcaller
1,ggcaller
1,ggcaller
1,ggcaller
1,ggcaller
1,ggcaller
1,ggcaller
1,ggcaller
1,ggcaller
1,ggcaller
1,ggcaller
1,ggcaller
1,ggcaller
1,ggcaller
1,ggcaller
1,ggcaller
1,ggcaller
1,ggcaller
1,ggcaller
1,ggcaller
1,ggcaller
1,ggcaller
1,ggcaller
1,ggcaller
1,ggcaller
1,ggcaller
1,ggcaller
1,ggcaller
1,ggcaller
1,ggcaller
1,ggcaller
1,ggcaller
1,ggcaller
1,ggcaller
1,ggcaller
1,ggcaller
1,ggcaller
1,ggcaller
1,ggcaller
1,ggcaller
1,ggcaller
1,ggcaller
1,ggcaller
1,ggcaller
1,ggcaller
1,ggcaller
1,ggcaller
1,ggcaller
1,ggcaller
1,ggcaller
1,ggcaller
1,ggcaller
1,ggcaller
1,ggcaller
1,ggcaller
1,ggcaller
1,ggcaller
1,ggcaller
1,ggcaller
1,ggcaller
1,ggcaller
1,ggcaller
1,ggcaller
1,ggcaller
1,ggcaller
1,ggcaller
1,ggcaller
1,ggcaller
1,ggcaller
1,ggcaller
1,ggcaller
1,ggcaller
1,ggcaller
1,ggcaller
1,ggcaller
1,ggcaller
1,ggcaller
1,ggcaller
1,ggcaller
1,ggcaller
1,ggcaller
1,ggcaller
1,ggcaller
1,ggcaller
1,ggcaller
1,ggcaller
1,ggcaller
1,ggcaller
1,ggcaller
1,ggcaller
1,ggcaller
1,ggcaller
1,ggcaller
1,ggcaller
1,ggcaller
1,ggcaller
1,ggcaller
1,ggcaller
1,ggcaller
1,ggcaller
1,ggcaller
1,ggcaller
1,ggcaller
1,ggcaller
1,ggcaller
1,ggcaller
1,ggcaller
1,ggcaller
1,ggcaller
1,ggcaller
1,ggcaller
1,ggcaller
1,ggcaller
1,ggcaller
1,ggcaller
1,ggcaller
2,ggcaller
1,ggcaller
1,ggcaller
1,ggcaller
1,ggcaller
1,ggcaller
1,ggcaller
1,ggcaller
1,ggcaller
1,ggcaller
1,ggcaller
1,ggcaller
1,ggcaller
1,ggcaller
1,ggcaller
1,ggcaller
1,ggcaller
1,ggcaller
1,ggcaller
1,ggcaller
1,ggcaller
1,ggcaller
1,ggcaller
1,ggcaller
1,ggcaller
1,ggcaller
1,ggcaller
1,ggcaller
1,ggcaller
1,ggcaller
1,ggcaller
1,ggcaller
1,ggcaller
1,ggcaller
1,ggcaller
1,ggcaller
1,ggcaller
1,ggcaller
1,ggcaller
2,ggcaller
1,ggcaller
1,ggcaller
1,ggcaller
1,ggcaller
2,ggcaller
1,ggcaller
1,ggcaller
1,ggcaller
1,ggcaller
1,ggcaller
1,ggcaller
1,ggcaller
1,ggcaller
61782,bifrost
1,bifrost
1,bifrost
1,bifrost
1,bifrost
3,bifrost
1,bifrost
1,bifrost
1,bifrost
1,bifrost
1,bifrost
1,bifrost
1,bifrost
1,bifrost
1,bifrost
1,bifrost
1,bifrost
1,bifrost
1,bifrost
1,bifrost
1,bifrost
1,bifrost
1,bifrost
1,bifrost
1,bifrost
1,bifrost
1,bifrost
1,bifrost
1,bifrost
1,bifrost
1,bifrost
1,bifrost
1,bifrost
1,bifrost
1,bifrost
1,bifrost
1,bifrost
1,bifrost
1,bifrost
1,bifrost
1,bifrost
1,bifrost
1,bifrost
1,bifrost
1,bifrost
1,bifrost
1,bifrost
1,bifrost
1,bifrost
1,bifrost
1,bifrost
1,bifrost
1,bifrost
1,bifrost
1,bifrost
198,bifrost
61,bifrost
1,bifrost
1,bifrost
1,bifrost
1,bifrost
1,bifrost
1,bifrost
1,bifrost
5,bifrost
3,bifrost
1,bifrost
1,bifrost
3,bifrost
1,bifrost
1,bifrost
1,bifrost
1,bifrost
1,bifrost
1,bifrost
1,bifrost
1,bifrost
1,bifrost
1,bifrost
1,bifrost
1,bifrost
1,bifrost
1,bifrost
1,bifrost
1,bifrost
1,bifrost
1,bifrost
1,bifrost
1,bifrost
1,bifrost
1,bifrost
1,bifrost
1,bifrost
1,bifrost
1,bifrost
1,bifrost
1,bifrost
1,bifrost
1,bifrost
1,bifrost
1,bifrost
1,bifrost
1,bifrost
1,bifrost
1,bifrost
1,bifrost
1,bifrost
1,bifrost
1,bifrost
1,bifrost
1,bifrost
1,bifrost
1,bifrost
1,bifrost
1,bifrost
1,bifrost
1,bifrost
1,bifrost
1,bifrost
1,bifrost
1,bifrost
1,bifrost
1,bifrost
1,bifrost
1,bifrost
1,bifrost
1,bifrost
1,bifrost
1,bifrost
1,bifrost
1,bifrost
1,bifrost
1,bifrost
5,bifrost
3,bifrost
1,bifrost
1,bifrost
1,bifrost
1,bifrost
1,bifrost
1,bifrost
1,bifrost
1,bifrost
5,bifrost
1,bifrost
1,bifrost
1,bifrost
1,bifrost
1,bifrost
1,bifrost
1,bifrost
1,bifrost
1,bifrost
1,bifrost
1,bifrost
1,bifrost
3,bifrost
5,bifrost
1,bifrost
1,bifrost
1,bifrost
1,bifrost
1,bifrost
1,bifrost
1,bifrost
1,bifrost
1,bifrost
1,bifrost
1,bifrost
1,bifrost
1,bifrost
1,bifrost
1,bifrost
1,bifrost
1,bifrost
3,bifrost
1,bifrost
1,bifrost
1,bifrost
1,bifrost
1,bifrost
1,bifrost
1,bifrost
1,bifrost
1,bifrost
7,bifrost
1,bifrost
1,bifrost
1,bifrost
1,bifrost
1,bifrost
1,bifrost
1,bifrost
1,bifrost
1,bifrost
1,bifrost
1,bifrost
1,bifrost
1,bifrost
1,bifrost
1,bifrost
1,bifrost
1,bifrost
1,bifrost
1,bifrost
1,bifrost
1,bifrost
1,bifrost
1,bifrost
1,bifrost
1,bifrost
1,bifrost
1,bifrost
1,bifrost
1,bifrost
1,bifrost
1,bifrost
1,bifrost
1,bifrost
1,bifrost
1,bifrost
1,bifrost
3,bifrost
1,bifrost
5,bifrost
1,bifrost
1,bifrost
1,bifrost
1,bifrost
1,bifrost
1,bifrost
1,bifrost
5,bifrost
4,bifrost
1,bifrost
1,bifrost
1,bifrost
1,bifrost
1,bifrost
1,bifrost
1,bifrost
1,bifrost
1,bifrost
1,bifrost
1,bifrost
1,bifrost
1,bifrost
1,bifrost
1,bifrost
5,bifrost
1,bifrost
1,bifrost
1,bifrost
1,bifrost
1,bifrost
1,bifrost
1,bifrost
1,bifrost
1,bifrost
1,bifrost
1,bifrost
1,bifrost
1,bifrost
1,bifrost
1,bifrost
1,bifrost
1,bifrost
4,bifrost
1,bifrost
1,bifrost
1,bifrost
1,bifrost
1,bifrost
1,bifrost
1,bifrost
1,bifrost
1,bifrost
1,bifrost
1,bifrost
1,bifrost
1,bifrost
1,bifrost
1,bifrost
1,bifrost
1,bifrost
1,bifrost
3,bifrost
1,bifrost
1,bifrost
1,bifrost
1,bifrost
1,bifrost
1,bifrost
1,bifrost
1,bifrost
1,bifrost
1,bifrost
1,bifrost
1,bifrost
1,bifrost
1,bifrost
1,bifrost
1,bifrost
1,bifrost
1,bifrost
1,bifrost
1,bifrost
1,bifrost
1,bifrost
1,bifrost
1,bifrost
1,bifrost
1,bifrost
1,bifrost
1,bifrost
1,bifrost
1,bifrost
1,bifrost
1,bifrost
1,bifrost
1,bifrost
1,bifrost
1,bifrost
1,bifrost
1,bifrost
1,bifrost
1,bifrost
1,bifrost
1,bifrost
1,bifrost
1,bifrost
1,bifrost
1,bifrost
1,bifrost
1,bifrost
1,bifrost
1,bifrost
1,bifrost
1,bifrost
1,bifrost
1,bifrost
1,bifrost
1,bifrost
1,bifrost
1,bifrost
1,bifrost
1,bifrost
1,bifrost
1,bifrost
1,bifrost
1,bifrost
1,bifrost
1,bifrost
1,bifrost
1,bifrost
1,bifrost
1,bifrost
1,bifrost
1,bifrost
1,bifrost
1,bifrost
1,bifrost
1,bifrost
1,bifrost
1,bifrost
1,bifrost
1,bifrost
1,bifrost
1,bifrost
1,bifrost
1,bifrost
1,bifrost
1,bifrost
1,bifrost
1,bifrost
1,bifrost
1,bifrost
1,bifrost
1,bifrost
1,bifrost
1,bifrost
1,bifrost
1,bifrost
1,bifrost
1,bifrost
1,bifrost
1,bifrost
1,bifrost
1,bifrost
1,bifrost
1,bifrost
1,bifrost
1,bifrost
1,bifrost
1,bifrost
1,bifrost
1,bifrost
1,bifrost
1,bifrost
1,bifrost
1,bifrost
1,bifrost
1,bifrost
1,bifrost
1,bifrost
1,bifrost
1,bifrost
1,bifrost
1,bifrost
1,bifrost
1,bifrost
1,bifrost
1,bifrost
1,bifrost
1,bifrost
1,bifrost
1,bifrost
1,bifrost
1,bifrost
1,bifrost
1,bifrost
1,bifrost
1,bifrost
1,bifrost
1,bifrost
1,bifrost
1,bifrost
1,bifrost
1,bifrost
1,bifrost
1,bifrost
1,bifrost
2,bifrost
1,bifrost
1,bifrost
1,bifrost
1,bifrost
1,bifrost
1,bifrost
1,bifrost
1,bifrost
3,bifrost
1,bifrost
1,bifrost
1,bifrost
1,bifrost
1,bifrost
1,bifrost
1,bifrost
1,bifrost
1,bifrost
1,bifrost
1,bifrost
1,bifrost
1,bifrost
1,bifrost
1,bifrost
1,bifrost
1,bifrost
1,bifrost
1,bifrost
1,bifrost
1,bifrost
1,bifrost
1,bifrost
1,bifrost
1,bifrost
1,bifrost
1,bifrost
1,bifrost
1,bifrost
1,bifrost
1,bifrost
1,bifrost
1,bifrost
1,bifrost
1,bifrost
1,bifrost
1,bifrost
1,bifrost
1,bifrost
1,bifrost
1,bifrost
1,bifrost
1,bifrost
1,bifrost
1,bifrost
1,bifrost
1,bifrost
1,bifrost
1,bifrost
1,bifrost
1,bifrost
1,bifrost
1,bifrost
1,bifrost
1,bifrost
1,bifrost
159382,cuttlefish
1,cuttlefish
6,cuttlefish
1,cuttlefish
1,cuttlefish
10,cuttlefish
1,pangraph
3,pangraph
1,pangraph
1,pangraph
1,pangraph
1,pangraph
1,pangraph
1,pangraph
14,pangraph
1,pangraph
1,pangraph
2,pangraph
1,pangraph
1,pangraph
1,pangraph
1,pangraph
1,pangraph
1,pangraph
1,pangraph
1,pangraph
1,pangraph
1,pangraph
1,pangraph
1,pangraph
1,pangraph
1,pangraph
1,pangraph
1,pangraph
2,pangraph
1,pangraph
1,pangraph
1,pangraph
1,pangraph
1,pangraph
3,pangraph
2,pangraph
1,pangraph
1,pangraph
1,pangraph
1,pangraph
1,pangraph
1,pangraph
1,pangraph
1,pangraph
1,pangraph
1,pangraph
1,pangraph
1,pangraph
1,pangraph
1,pangraph
1,pangraph
2,pangraph
1,pangraph
1,pangraph
1,pangraph
1,pangraph
6,pangraph
1,pangraph
2,pangraph
1,pangraph
1,pangraph
1,pangraph
1,pangraph
1,pangraph
1,pangraph
1,pangraph
1,pangraph
1,pangraph
1,pangraph
1,pangraph
1,pangraph
1,pangraph
1,pangraph
1,pangraph
1,pangraph
1,pangraph
1,pangraph
1,pangraph
1,pangraph
1,pangraph
9,pangraph
1,pangraph
1,pangraph
1,pangraph
1,pangraph
1,pangraph
3,pangraph
1,pangraph
1,pangraph
1,pangraph
1,pangraph
1,pangraph
1,pangraph
1,pangraph
1,pangraph
1,pangraph
1,pangraph
1,pangraph
1,pangraph
1,pangraph
13,pangraph
1,pangraph
1,pangraph
1,pangraph
1,pangraph
1,pangraph
1,pangraph
1,pangraph
1,pangraph
1,pangraph
1,pangraph
1,pangraph
1,pangraph
1,pangraph
1,pangraph
1,pangraph
1,pangraph
1,pangraph
1,pangraph
1,pangraph
1,pangraph
1,pangraph
1,pangraph
1,pangraph
1,pangraph
1,pangraph
2,pangraph
1,pangraph
1,pangraph
1,pangraph
1,pangraph
1,pangraph
1,pangraph
1,pangraph
1,pangraph
1,pangraph
1,pangraph
1,pangraph
1,pangraph
1,pangraph
1,pangraph
1,pangraph
1,pangraph
1,pangraph
1,pangraph
1,pangraph
1,pangraph
3,pangraph
1,pangraph
1,pangraph
1,pangraph
1,pangraph
1,pangraph
1,pangraph
1,pangraph
1,pangraph
1,pangraph
1,pangraph
1,pangraph
1,pangraph
1,pangraph
3,pangraph
1,pangraph
1,pangraph
1,pangraph
1,pangraph
1,pangraph
1,pangraph
1,pangraph
1,pangraph
1,pangraph
1,pangraph
1,pangraph
1,pangraph
1,pangraph
1,pangraph
1,pangraph
1,pangraph
1,pangraph
3,pangraph
1,pangraph
1,pangraph
1,pangraph
1,pangraph
3,pangraph
1,pangraph
1,pangraph
1,pangraph
1,pangraph
1,pangraph
1,pangraph
1,pangraph
1,pangraph
1,pangraph
1,pangraph
1,pangraph
1,pangraph
1,pangraph
1,pangraph
1,pangraph
1,pangraph
1,pangraph
1,pangraph
1,pangraph
1,pangraph
1,pangraph
1,pangraph
1,pangraph
1,pangraph
1,pangraph
1,pangraph
1,pangraph
1,pangraph
1,pangraph
1,pangraph
1,pangraph
1,pangraph
1,pangraph
4,pangraph
1,pangraph
1,pangraph
1,pangraph
1,pangraph
1,pangraph
1,pangraph
1,pangraph
1,pangraph
1,pangraph
1,pangraph
1,pangraph
1,pangraph
1,pangraph
1,pangraph
1,pangraph
1,pangraph
1,pangraph
1,pangraph
1,pangraph
1,pangraph
1,pangraph
1,pangraph
1,pangraph
1,pangraph
1,pangraph
1,pangraph
1,pangraph
1,pangraph
1,pangraph
1,pangraph
1,pangraph
1,pangraph
1,pangraph
1,pangraph
1,pangraph
1,pangraph
1,pangraph
1,pangraph
1,pangraph
1,pangraph
1,pangraph
1,pangraph
1,pangraph
1,pangraph
1,pangraph
1,pangraph
1,pangraph
1,pangraph
1,pangraph
1,pangraph
1,pangraph
1,pangraph
1,pangraph
1,pangraph
1,pangraph
1,pangraph
1,pangraph
1,pangraph
1,pangraph
1,pangraph
1,pangraph
1,pangraph
1,pangraph
1,pangraph
1,pangraph
1,pangraph
1,pangraph
2,pangraph
1,pangraph
1,pangraph
1,pangraph
1,pangraph
1,pangraph
1,pangraph
1,pangraph
1,pangraph
1,pangraph
1,pangraph
1,pangraph
1,pangraph
1,pangraph
1,pangraph
1,pangraph
1,pangraph
1,pangraph
1,pangraph
1,pangraph
1,pangraph
1,pangraph
1,pangraph
1,pangraph
1,pangraph
1,pangraph
1,pangraph
1,pangraph
1,pangraph
1,pangraph
1,pangraph
1,pangraph
1,pangraph
1,pangraph
1,pangraph
1,pangraph
1,pangraph
1,pangraph
1,pangraph
1,pangraph
1,pangraph
1,pangraph
1,pangraph
1,pangraph
1,pangraph
1,pangraph
1,pangraph
1,pangraph
1,pangraph
1,pangraph
1,pangraph
1,pangraph
1,pangraph
1,pangraph
1,pangraph
1,pangraph
1,pangraph
1,pangraph
1,pangraph
1,pangraph
1,pangraph
1,pangraph
1,pangraph
1,pangraph
1,pangraph
1,pangraph
1,pangraph
1,pangraph
1,pangraph
1,pangraph
1,pangraph
1,pangraph
1,pangraph
1,pangraph
1,pangraph
1,pangraph
1,pangraph
1,pangraph
1,pangraph
1,pangraph
1,pangraph
1,pangraph
1,pangraph
1,pangraph
1,pangraph
1,pangraph
1,pangraph
1,pangraph
1,pangraph
1,pangraph
1,pangraph
1,pangraph
1,pangraph
1,pangraph
1,pangraph
1,pangraph
1,pangraph
1,pangraph
1,pangraph
1,pangraph
1,pangraph
1,pangraph
1,pangraph
1,pangraph
1,pangraph
1,pangraph
1,pangraph
1,pangraph
1,pangraph
1,pangraph
1,pangraph
1,pangraph
1,pangraph
1,pangraph
1,pangraph
1,pangraph
1,pangraph
1,pangraph
1,pangraph
1,pangraph
1,pangraph
1,pangraph
1,pangraph
1,pangraph
1,pangraph
1,pangraph
1,pangraph
1,pangraph
1,pangraph
1,pangraph
1,pangraph
1,pangraph
1,pangraph
1,pangraph
1,pangraph
1,pangraph
1,pangraph
1,pangraph
1,pangraph
1,pangraph
1,pangraph
1,pangraph
1,pangraph
1,pangraph
1,pangraph
1,pangraph
1,pangraph
1,pangraph
1,pangraph
1,pangraph
1,pangraph
1,pangraph
1,pangraph
1,pangraph
1,pangraph
1,pangraph
1,pangraph
1,pangraph
1,pangraph
1,pangraph
1,pangraph
1,pangraph
1,pangraph
1,pangraph
1,pangraph
1,pangraph
1,pangraph
1,pangraph
1,pangraph
1,pangraph
1,pangraph
1,pangraph
1,pangraph
1,pangraph
1,pangraph
1,pangraph
1,pangraph
1,pangraph
1,pangraph
1,pangraph
1,pangraph
1,pangraph
1,pangraph
1,pangraph
1,pangraph
1,pangraph
1,pangraph
1,pangraph
1,pangraph
1,pangraph
1,pangraph
1,pangraph
1,pangraph
1,pangraph
1,pangraph
1,pangraph
1,pangraph
1,pangraph
1,pangraph
1,pangraph
1,pangraph
1,pangraph
1,pangraph
1,pangraph
1,pangraph
1,pangraph
1,pangraph
1,pangraph
1,pangraph
1,pangraph
1,pangraph
1,pangraph
1,pangraph
1,pangraph
1,pangraph
1,pangraph
1,pangraph
1,pangraph
1,pangraph
1,pangraph
1,pangraph
1,pangraph
1,pangraph
1,pangraph
1,pangraph
1,pangraph
1,pangraph
1,pangraph
1,pangraph
