"Tool","degree_bin","frac_bin","count","total_deg","count_norm","total_nodes","count_total_norm"
"Bifrost",0,"0%–5%",56,311,0.180064308681672,58991,0.000949297350443288
"Bifrost",0,"5%–10%",28,311,0.090032154340836,58991,0.000474648675221644
"Bifrost",0,"10%–15%",2,311,0.00643086816720257,58991,3.3903476801546e-05
"Bifrost",0,"15%–20%",3,311,0.00964630225080386,58991,5.0855215202319e-05
"Bifrost",0,"20%–25%",3,311,0.00964630225080386,58991,5.0855215202319e-05
"Bifrost",0,"25%–30%",12,311,0.0385852090032154,58991,0.000203420860809276
"Bifrost",0,"30%–35%",14,311,0.045016077170418,58991,0.000237324337610822
"Bifrost",0,"35%–40%",11,311,0.0353697749196141,58991,0.000186469122408503
"Bifrost",0,"65%–70%",1,311,0.00321543408360129,58991,1.6951738400773e-05
"Bifrost",0,"70%–75%",2,311,0.00643086816720257,58991,3.3903476801546e-05
"Bifrost",0,"75%–80%",1,311,0.00321543408360129,58991,1.6951738400773e-05
"Bifrost",0,"85%–90%",2,311,0.00643086816720257,58991,3.3903476801546e-05
"Bifrost",0,"90%–95%",19,311,0.0610932475884244,58991,0.000322083029614687
"Bifrost",0,"95%–100%",157,311,0.504823151125402,58991,0.00266142292892136
"Bifrost",1,"0%–5%",267,1068,0.25,58991,0.00452611415300639
"Bifrost",1,"5%–10%",91,1068,0.0852059925093633,58991,0.00154260819447034
"Bifrost",1,"10%–15%",42,1068,0.0393258426966292,58991,0.000711973012832466
"Bifrost",1,"15%–20%",28,1068,0.0262172284644195,58991,0.000474648675221644
"Bifrost",1,"20%–25%",27,1068,0.0252808988764045,58991,0.000457696936820871
"Bifrost",1,"25%–30%",58,1068,0.0543071161048689,58991,0.000983200827244834
"Bifrost",1,"30%–35%",57,1068,0.0533707865168539,58991,0.000966249088844061
"Bifrost",1,"35%–40%",39,1068,0.0365168539325843,58991,0.000661117797630147
"Bifrost",1,"40%–45%",2,1068,0.00187265917602996,58991,3.3903476801546e-05
"Bifrost",1,"45%–50%",5,1068,0.00468164794007491,58991,8.4758692003865e-05
"Bifrost",1,"50%–55%",3,1068,0.00280898876404494,58991,5.0855215202319e-05
"Bifrost",1,"55%–60%",5,1068,0.00468164794007491,58991,8.4758692003865e-05
"Bifrost",1,"60%–65%",3,1068,0.00280898876404494,58991,5.0855215202319e-05
"Bifrost",1,"65%–70%",5,1068,0.00468164794007491,58991,8.4758692003865e-05
"Bifrost",1,"70%–75%",10,1068,0.00936329588014981,58991,0.00016951738400773
"Bifrost",1,"75%–80%",3,1068,0.00280898876404494,58991,5.0855215202319e-05
"Bifrost",1,"80%–85%",7,1068,0.00655430711610487,58991,0.000118662168805411
"Bifrost",1,"85%–90%",6,1068,0.00561797752808989,58991,0.000101710430404638
"Bifrost",1,"90%–95%",38,1068,0.0355805243445693,58991,0.000644166059229374
"Bifrost",1,"95%–100%",372,1068,0.348314606741573,58991,0.00630604668508756
"Bifrost",2,"0%–5%",9585,31264,0.306582650972364,58991,0.162482412571409
"Bifrost",2,"5%–10%",2389,31264,0.0764137666325486,58991,0.0404977030394467
"Bifrost",2,"10%–15%",924,31264,0.0295547594677584,58991,0.0156634062823142
"Bifrost",2,"15%–20%",402,31264,0.0128582395087001,58991,0.00681459883711075
"Bifrost",2,"20%–25%",546,31264,0.01746417604913,58991,0.00925564916682206
"Bifrost",2,"25%–30%",1272,31264,0.0406857727737973,58991,0.0215626112457833
"Bifrost",2,"30%–35%",1227,31264,0.039246417604913,58991,0.0207997830177485
"Bifrost",2,"35%–40%",389,31264,0.0124424257932446,58991,0.0065942262379007
"Bifrost",2,"40%–45%",132,31264,0.00422210849539406,58991,0.00223762946890204
"Bifrost",2,"45%–50%",181,31264,0.00578940634595701,58991,0.00306826465053991
"Bifrost",2,"50%–55%",147,31264,0.00470189355168884,58991,0.00249190554491363
"Bifrost",2,"55%–60%",345,31264,0.0110350562947799,58991,0.00584834974826668
"Bifrost",2,"60%–65%",220,31264,0.00703684749232344,58991,0.00372938244817006
"Bifrost",2,"65%–70%",290,31264,0.00927584442169908,58991,0.00491600413622417
"Bifrost",2,"70%–75%",586,31264,0.0187436028659161,58991,0.00993371870285298
"Bifrost",2,"75%–80%",204,31264,0.00652507676560901,58991,0.00345815463375769
"Bifrost",2,"80%–85%",166,31264,0.00530962128966223,58991,0.00281398857452832
"Bifrost",2,"85%–90%",507,31264,0.0162167349027636,58991,0.00859453136919191
"Bifrost",2,"90%–95%",1525,31264,0.0487781473899693,58991,0.0258514010611788
"Bifrost",2,"95%–100%",10227,31264,0.327117451381781,58991,0.173365428624705
"Bifrost",3,"0%–5%",3835,12539,0.305845761224978,58991,0.0650099167669645
"Bifrost",3,"5%–10%",839,12539,0.0669112369407449,58991,0.0142225085182485
"Bifrost",3,"10%–15%",306,12539,0.0244038599569344,58991,0.00518723195063654
"Bifrost",3,"15%–20%",152,12539,0.0121221788021373,58991,0.0025766642369175
"Bifrost",3,"20%–25%",170,12539,0.0135576999760746,58991,0.00288179552813141
"Bifrost",3,"25%–30%",515,12539,0.0410718558098732,58991,0.0087301452763981
"Bifrost",3,"30%–35%",370,12539,0.0295079352420448,58991,0.00627214320828601
"Bifrost",3,"35%–40%",191,12539,0.0152324746790015,58991,0.00323778203454764
"Bifrost",3,"40%–45%",68,12539,0.00542307999042986,58991,0.00115271821125256
"Bifrost",3,"45%–50%",118,12539,0.0094106388069224,58991,0.00200030513129121
"Bifrost",3,"50%–55%",79,12539,0.00630034293005822,58991,0.00133918733366107
"Bifrost",3,"55%–60%",201,12539,0.0160299864423,58991,0.00340729941855537
"Bifrost",3,"60%–65%",73,12539,0.00582183587207911,58991,0.00123747690325643
"Bifrost",3,"65%–70%",111,12539,0.00885238057261345,58991,0.0018816429624858
"Bifrost",3,"70%–75%",251,12539,0.0200175452587926,58991,0.00425488633859402
"Bifrost",3,"75%–80%",97,12539,0.00773586410399553,58991,0.00164431862487498
"Bifrost",3,"80%–85%",103,12539,0.00821437116197464,58991,0.00174602905527962
"Bifrost",3,"85%–90%",255,12539,0.020336549964112,58991,0.00432269329219711
"Bifrost",3,"90%–95%",678,12539,0.0540712975516389,58991,0.0114932786357241
"Bifrost",3,"95%–100%",4127,12539,0.329133104713295,58991,0.0699598243799902
"Bifrost",4,"0%–5%",3968,13415,0.295788296682818,58991,0.0672644979742673
"Bifrost",4,"5%–10%",946,13415,0.0705180767797242,58991,0.0160363445271313
"Bifrost",4,"10%–15%",264,13415,0.0196794632873649,58991,0.00447525893780407
"Bifrost",4,"15%–20%",127,13415,0.0094670145359672,58991,0.00215287077689817
"Bifrost",4,"20%–25%",156,13415,0.0116287737607156,58991,0.00264447119052059
"Bifrost",4,"25%–30%",495,13415,0.0368989936638092,58991,0.00839111050838263
"Bifrost",4,"30%–35%",365,13415,0.0272083488632128,58991,0.00618738451628214
"Bifrost",4,"35%–40%",208,13415,0.0155050316809542,58991,0.00352596158736078
"Bifrost",4,"40%–45%",71,13415,0.00529258292955647,58991,0.00120357342645488
"Bifrost",4,"45%–50%",106,13415,0.00790160268356318,58991,0.00179688427048194
"Bifrost",4,"50%–55%",87,13415,0.00648527767424525,58991,0.00147480124086725
"Bifrost",4,"55%–60%",223,13415,0.0166231830040999,58991,0.00378023766337238
"Bifrost",4,"60%–65%",80,13415,0.00596347372344391,58991,0.00135613907206184
"Bifrost",4,"65%–70%",205,13415,0.015281401416325,58991,0.00347510637215847
"Bifrost",4,"70%–75%",275,13415,0.0204994409243384,58991,0.00466172806021257
"Bifrost",4,"75%–80%",83,13415,0.00618710398807305,58991,0.00140699428726416
"Bifrost",4,"80%–85%",97,13415,0.00723071188967574,58991,0.00164431862487498
"Bifrost",4,"85%–90%",250,13415,0.0186358553857622,58991,0.00423793460019325
"Bifrost",4,"90%–95%",690,13415,0.0514349608647037,58991,0.0116966994965334
"Bifrost",4,"95%–100%",4719,13415,0.351770406261647,58991,0.0799952535132478
"Bifrost",5,"0%–5%",129,368,0.35054347826087,58991,0.00218677425369972
"Bifrost",5,"5%–10%",28,368,0.0760869565217391,58991,0.000474648675221644
"Bifrost",5,"10%–15%",11,368,0.0298913043478261,58991,0.000186469122408503
"Bifrost",5,"15%–20%",11,368,0.0298913043478261,58991,0.000186469122408503
"Bifrost",5,"20%–25%",7,368,0.0190217391304348,58991,0.000118662168805411
"Bifrost",5,"25%–30%",6,368,0.016304347826087,58991,0.000101710430404638
"Bifrost",5,"30%–35%",7,368,0.0190217391304348,58991,0.000118662168805411
"Bifrost",5,"35%–40%",2,368,0.00543478260869565,58991,3.3903476801546e-05
"Bifrost",5,"40%–45%",3,368,0.00815217391304348,58991,5.0855215202319e-05
"Bifrost",5,"45%–50%",3,368,0.00815217391304348,58991,5.0855215202319e-05
"Bifrost",5,"50%–55%",3,368,0.00815217391304348,58991,5.0855215202319e-05
"Bifrost",5,"55%–60%",8,368,0.0217391304347826,58991,0.000135613907206184
"Bifrost",5,"60%–65%",3,368,0.00815217391304348,58991,5.0855215202319e-05
"Bifrost",5,"65%–70%",1,368,0.00271739130434783,58991,1.6951738400773e-05
"Bifrost",5,"70%–75%",9,368,0.0244565217391304,58991,0.000152565645606957
"Bifrost",5,"75%–80%",1,368,0.00271739130434783,58991,1.6951738400773e-05
"Bifrost",5,"80%–85%",5,368,0.0135869565217391,58991,8.4758692003865e-05
"Bifrost",5,"85%–90%",8,368,0.0217391304347826,58991,0.000135613907206184
"Bifrost",5,"90%–95%",15,368,0.0407608695652174,58991,0.000254276076011595
"Bifrost",5,"95%–100%",108,368,0.293478260869565,58991,0.00183078774728348
"Bifrost",6,"0%–5%",5,19,0.263157894736842,58991,8.4758692003865e-05
"Bifrost",6,"5%–10%",3,19,0.157894736842105,58991,5.0855215202319e-05
"Bifrost",6,"10%–15%",1,19,0.0526315789473684,58991,1.6951738400773e-05
"Bifrost",6,"20%–25%",1,19,0.0526315789473684,58991,1.6951738400773e-05
"Bifrost",6,"60%–65%",1,19,0.0526315789473684,58991,1.6951738400773e-05
"Bifrost",6,"70%–75%",1,19,0.0526315789473684,58991,1.6951738400773e-05
"Bifrost",6,"80%–85%",1,19,0.0526315789473684,58991,1.6951738400773e-05
"Bifrost",6,"90%–95%",1,19,0.0526315789473684,58991,1.6951738400773e-05
"Bifrost",6,"95%–100%",5,19,0.263157894736842,58991,8.4758692003865e-05
"Bifrost",7,"0%–5%",2,5,0.4,58991,3.3903476801546e-05
"Bifrost",7,"35%–40%",1,5,0.2,58991,1.6951738400773e-05
"Bifrost",7,"60%–65%",1,5,0.2,58991,1.6951738400773e-05
"Bifrost",7,"95%–100%",1,5,0.2,58991,1.6951738400773e-05
"Bifrost",8,"95%–100%",2,2,1,58991,3.3903476801546e-05
"Cuttlefish",1,"0%–5%",18,18,1,117196,0.000153588859688044
"Cuttlefish",2,"0%–5%",36925,65325,0.565250669728282,117196,0.315070480221168
"Cuttlefish",2,"5%–10%",2801,65325,0.0428779181017987,117196,0.0239001331103451
"Cuttlefish",2,"10%–15%",1010,65325,0.0154611557596632,117196,0.00861804157138469
"Cuttlefish",2,"15%–20%",437,65325,0.00668962877918102,117196,0.00372879620464862
"Cuttlefish",2,"20%–25%",702,65325,0.0107462686567164,117196,0.00598996552783371
"Cuttlefish",2,"25%–30%",1791,65325,0.0274167623421355,117196,0.0152820915389604
"Cuttlefish",2,"30%–35%",761,65325,0.0116494450822809,117196,0.00649339567903341
"Cuttlefish",2,"35%–40%",303,65325,0.00463834672789897,117196,0.00258541247141541
"Cuttlefish",2,"40%–45%",168,65325,0.00257175660160735,117196,0.00143349602375508
"Cuttlefish",2,"45%–50%",212,65325,0.00324531190202832,117196,0.00180893545854807
"Cuttlefish",2,"50%–55%",194,65325,0.0029697665518561,117196,0.00165534659886003
"Cuttlefish",2,"55%–60%",363,65325,0.00555683122847302,117196,0.00309737533704222
"Cuttlefish",2,"60%–65%",277,65325,0.00424033677765021,117196,0.00236356189631045
"Cuttlefish",2,"65%–70%",349,65325,0.00534251817833907,117196,0.00297791733506263
"Cuttlefish",2,"70%–75%",746,65325,0.0114198239571374,117196,0.00636540496262671
"Cuttlefish",2,"75%–80%",254,65325,0.00388825105243016,117196,0.00216730946448684
"Cuttlefish",2,"80%–85%",206,65325,0.00315346345197091,117196,0.00175773917198539
"Cuttlefish",2,"85%–90%",632,65325,0.00967470340604669,117196,0.00539267551793577
"Cuttlefish",2,"90%–95%",1824,65325,0.0279219288174512,117196,0.0155636711150551
"Cuttlefish",2,"95%–100%",15370,65325,0.235285112897053,117196,0.131147820744735
"Cuttlefish",3,"0%–5%",5011,24814,0.201942451841702,117196,0.042757431994266
"Cuttlefish",3,"5%–10%",1888,24814,0.0760860804384622,117196,0.0161097648383904
"Cuttlefish",3,"10%–15%",530,24814,0.0213589102925768,117196,0.00452233864637018
"Cuttlefish",3,"15%–20%",312,24814,0.0125735471911018,117196,0.00266220690125943
"Cuttlefish",3,"20%–25%",290,24814,0.0116869509148062,117196,0.00247448718386293
"Cuttlefish",3,"25%–30%",898,24814,0.0361892480051584,117196,0.00766237755554797
"Cuttlefish",3,"30%–35%",1070,24814,0.0431208188925606,117196,0.0091300044370115
"Cuttlefish",3,"35%–40%",371,24814,0.0149512372048037,117196,0.00316563705245913
"Cuttlefish",3,"40%–45%",152,24814,0.00612557427258806,117196,0.00129697259292126
"Cuttlefish",3,"45%–50%",244,24814,0.00983315870073346,117196,0.00208198232021571
"Cuttlefish",3,"50%–55%",188,24814,0.00757636817925365,117196,0.00160415031229735
"Cuttlefish",3,"55%–60%",425,24814,0.0171274280648021,117196,0.00362640363152326
"Cuttlefish",3,"60%–65%",162,24814,0.00652857257999516,117196,0.0013822997371924
"Cuttlefish",3,"65%–70%",316,24814,0.0127347465140646,117196,0.00269633775896788
"Cuttlefish",3,"70%–75%",494,24814,0.0199081163859112,117196,0.0042151609269941
"Cuttlefish",3,"75%–80%",148,24814,0.00596437494962521,117196,0.00126284173521281
"Cuttlefish",3,"80%–85%",202,24814,0.0081405658096236,117196,0.00172360831427694
"Cuttlefish",3,"85%–90%",497,24814,0.0200290158781333,117196,0.00424075907027544
"Cuttlefish",3,"90%–95%",1486,24814,0.0598855484806964,117196,0.0126796136386907
"Cuttlefish",3,"95%–100%",10130,24814,0.408237285403401,117196,0.0864363971466603
"Cuttlefish",4,"0%–5%",3285,26297,0.124919192303305,117196,0.028029966893068
"Cuttlefish",4,"5%–10%",1335,26297,0.0507662471004297,117196,0.0113911737601966
"Cuttlefish",4,"10%–15%",412,26297,0.0156671863710689,117196,0.00351547834397078
"Cuttlefish",4,"15%–20%",196,26297,0.00745332167167357,117196,0.00167241202771426
"Cuttlefish",4,"20%–25%",112,26297,0.00425904095524204,117196,0.000955664015836718
"Cuttlefish",4,"25%–30%",354,26297,0.0134616115906757,117196,0.0030205809071982
"Cuttlefish",4,"30%–35%",1051,26297,0.0399665361067802,117196,0.00896788286289634
"Cuttlefish",4,"35%–40%",411,26297,0.0156291592196829,117196,0.00350694562954367
"Cuttlefish",4,"40%–45%",48,26297,0.0018253032665323,117196,0.000409570292501451
"Cuttlefish",4,"45%–50%",104,26297,0.00395482374415333,117196,0.00088740230041981
"Cuttlefish",4,"50%–55%",56,26297,0.00212952047762102,117196,0.000477832007918359
"Cuttlefish",4,"55%–60%",409,26297,0.0155531049169107,117196,0.00348988020068944
"Cuttlefish",4,"60%–65%",104,26297,0.00395482374415333,117196,0.00088740230041981
"Cuttlefish",4,"65%–70%",160,26297,0.00608434422177435,117196,0.00136523430833817
"Cuttlefish",4,"70%–75%",240,26297,0.00912651633266152,117196,0.00204785146250725
"Cuttlefish",4,"75%–80%",44,26297,0.00167319466098795,117196,0.000375439434792996
"Cuttlefish",4,"80%–85%",89,26297,0.00338441647336198,117196,0.000759411584013106
"Cuttlefish",4,"85%–90%",234,26297,0.00889835342434498,117196,0.00199665517594457
"Cuttlefish",4,"90%–95%",898,26297,0.0341483819447085,117196,0.00766237755554797
"Cuttlefish",4,"95%–100%",16755,26297,0.637144921473932,117196,0.142965630226288
"Cuttlefish",5,"0%–5%",63,702,0.0897435897435897,117196,0.000537561008908154
"Cuttlefish",5,"5%–10%",66,702,0.094017094017094,117196,0.000563159152189495
"Cuttlefish",5,"10%–15%",31,702,0.0441595441595442,117196,0.00026451414724052
"Cuttlefish",5,"15%–20%",14,702,0.0199430199430199,117196,0.00011945800197959
"Cuttlefish",5,"20%–25%",4,702,0.0056980056980057,117196,3.41308577084542e-05
"Cuttlefish",5,"25%–30%",6,702,0.00854700854700855,117196,5.11962865626813e-05
"Cuttlefish",5,"30%–35%",37,702,0.0527065527065527,117196,0.000315710433803201
"Cuttlefish",5,"35%–40%",35,702,0.0498575498575499,117196,0.000298645004948974
"Cuttlefish",5,"45%–50%",12,702,0.0170940170940171,117196,0.000102392573125363
"Cuttlefish",5,"50%–55%",3,702,0.00427350427350427,117196,2.55981432813407e-05
"Cuttlefish",5,"55%–60%",11,702,0.0156695156695157,117196,9.38598586982491e-05
"Cuttlefish",5,"60%–65%",5,702,0.00712250712250712,117196,4.26635721355678e-05
"Cuttlefish",5,"65%–70%",13,702,0.0185185185185185,117196,0.000110925287552476
"Cuttlefish",5,"70%–75%",11,702,0.0156695156695157,117196,9.38598586982491e-05
"Cuttlefish",5,"75%–80%",5,702,0.00712250712250712,117196,4.26635721355678e-05
"Cuttlefish",5,"80%–85%",7,702,0.00997150997150997,117196,5.97290009897949e-05
"Cuttlefish",5,"85%–90%",15,702,0.0213675213675214,117196,0.000127990716406703
"Cuttlefish",5,"90%–95%",34,702,0.0484330484330484,117196,0.000290112290521861
"Cuttlefish",5,"95%–100%",330,702,0.47008547008547,117196,0.00281579576094747
"Cuttlefish",6,"0%–5%",5,35,0.142857142857143,117196,4.26635721355678e-05
"Cuttlefish",6,"5%–10%",5,35,0.142857142857143,117196,4.26635721355678e-05
"Cuttlefish",6,"10%–15%",1,35,0.0285714285714286,117196,8.53271442711355e-06
"Cuttlefish",6,"30%–35%",1,35,0.0285714285714286,117196,8.53271442711355e-06
"Cuttlefish",6,"35%–40%",2,35,0.0571428571428571,117196,1.70654288542271e-05
"Cuttlefish",6,"90%–95%",2,35,0.0571428571428571,117196,1.70654288542271e-05
"Cuttlefish",6,"95%–100%",19,35,0.542857142857143,117196,0.000162121574115158
"Cuttlefish",7,"95%–100%",4,4,1,117196,3.41308577084542e-05
"Cuttlefish",8,"0%–5%",1,1,1,117196,8.53271442711355e-06
"PPanGGOLiN",1,"0%–5%",25,28,0.892857142857143,7106,0.00351815367295243
"PPanGGOLiN",1,"5%–10%",1,28,0.0357142857142857,7106,0.000140726146918097
"PPanGGOLiN",1,"35%–40%",1,28,0.0357142857142857,7106,0.000140726146918097
"PPanGGOLiN",1,"95%–100%",1,28,0.0357142857142857,7106,0.000140726146918097
"PPanGGOLiN",2,"0%–5%",1422,5437,0.26154129115321,7106,0.200112580917534
"PPanGGOLiN",2,"5%–10%",122,5437,0.0224388449512599,7106,0.0171685899240079
"PPanGGOLiN",2,"10%–15%",53,5437,0.00974802280669487,7106,0.00745848578665916
"PPanGGOLiN",2,"15%–20%",15,5437,0.00275887437925326,7106,0.00211089220377146
"PPanGGOLiN",2,"20%–25%",20,5437,0.00367849917233769,7106,0.00281452293836195
"PPanGGOLiN",2,"25%–30%",42,5437,0.00772484826190914,7106,0.00591049817056009
"PPanGGOLiN",2,"30%–35%",66,5437,0.0121390472687144,7106,0.00928792569659443
"PPanGGOLiN",2,"35%–40%",31,5437,0.00570167371712341,7106,0.00436251055446102
"PPanGGOLiN",2,"40%–45%",3,5437,0.000551774875850653,7106,0.000422178440754292
"PPanGGOLiN",2,"45%–50%",9,5437,0.00165532462755196,7106,0.00126653532226288
"PPanGGOLiN",2,"50%–55%",2,5437,0.000367849917233769,7106,0.000281452293836195
"PPanGGOLiN",2,"55%–60%",25,5437,0.00459812396542211,7106,0.00351815367295243
"PPanGGOLiN",2,"60%–65%",18,5437,0.00331064925510392,7106,0.00253307064452575
"PPanGGOLiN",2,"65%–70%",18,5437,0.00331064925510392,7106,0.00253307064452575
"PPanGGOLiN",2,"70%–75%",23,5437,0.00423027404818834,7106,0.00323670137911624
"PPanGGOLiN",2,"75%–80%",2,5437,0.000367849917233769,7106,0.000281452293836195
"PPanGGOLiN",2,"80%–85%",4,5437,0.000735699834467537,7106,0.00056290458767239
"PPanGGOLiN",2,"85%–90%",16,5437,0.00294279933787015,7106,0.00225161835068956
"PPanGGOLiN",2,"90%–95%",66,5437,0.0121390472687144,7106,0.00928792569659443
"PPanGGOLiN",2,"95%–100%",3480,5437,0.640058855986757,7106,0.489726991274979
"PPanGGOLiN",3,"0%–5%",178,859,0.207217694994179,7106,0.0250492541514213
"PPanGGOLiN",3,"5%–10%",27,859,0.0314318975552969,7106,0.00379960596678863
"PPanGGOLiN",3,"10%–15%",11,859,0.0128055878928987,7106,0.00154798761609907
"PPanGGOLiN",3,"15%–20%",4,859,0.00465657741559953,7106,0.00056290458767239
"PPanGGOLiN",3,"20%–25%",4,859,0.00465657741559953,7106,0.00056290458767239
"PPanGGOLiN",3,"25%–30%",13,859,0.0151338766006985,7106,0.00182943990993527
"PPanGGOLiN",3,"30%–35%",14,859,0.0162980209545984,7106,0.00197016605685336
"PPanGGOLiN",3,"35%–40%",11,859,0.0128055878928987,7106,0.00154798761609907
"PPanGGOLiN",3,"40%–45%",1,859,0.00116414435389988,7106,0.000140726146918097
"PPanGGOLiN",3,"45%–50%",1,859,0.00116414435389988,7106,0.000140726146918097
"PPanGGOLiN",3,"55%–60%",7,859,0.00814901047729918,7106,0.000985083028426682
"PPanGGOLiN",3,"60%–65%",4,859,0.00465657741559953,7106,0.00056290458767239
"PPanGGOLiN",3,"65%–70%",3,859,0.00349243306169965,7106,0.000422178440754292
"PPanGGOLiN",3,"70%–75%",4,859,0.00465657741559953,7106,0.00056290458767239
"PPanGGOLiN",3,"80%–85%",1,859,0.00116414435389988,7106,0.000140726146918097
"PPanGGOLiN",3,"85%–90%",8,859,0.00931315483119907,7106,0.00112580917534478
"PPanGGOLiN",3,"90%–95%",15,859,0.0174621653084983,7106,0.00211089220377146
"PPanGGOLiN",3,"95%–100%",553,859,0.643771827706636,7106,0.0778215592457079
"PPanGGOLiN",4,"0%–5%",74,394,0.187817258883249,7106,0.0104137348719392
"PPanGGOLiN",4,"5%–10%",10,394,0.0253807106598985,7106,0.00140726146918097
"PPanGGOLiN",4,"10%–15%",6,394,0.0152284263959391,7106,0.000844356881508584
"PPanGGOLiN",4,"15%–20%",2,394,0.0050761421319797,7106,0.000281452293836195
"PPanGGOLiN",4,"20%–25%",1,394,0.00253807106598985,7106,0.000140726146918097
"PPanGGOLiN",4,"25%–30%",9,394,0.0228426395939086,7106,0.00126653532226288
"PPanGGOLiN",4,"30%–35%",12,394,0.0304568527918782,7106,0.00168871376301717
"PPanGGOLiN",4,"35%–40%",4,394,0.0101522842639594,7106,0.00056290458767239
"PPanGGOLiN",4,"50%–55%",1,394,0.00253807106598985,7106,0.000140726146918097
"PPanGGOLiN",4,"55%–60%",3,394,0.00761421319796954,7106,0.000422178440754292
"PPanGGOLiN",4,"60%–65%",1,394,0.00253807106598985,7106,0.000140726146918097
"PPanGGOLiN",4,"65%–70%",1,394,0.00253807106598985,7106,0.000140726146918097
"PPanGGOLiN",4,"70%–75%",1,394,0.00253807106598985,7106,0.000140726146918097
"PPanGGOLiN",4,"80%–85%",2,394,0.0050761421319797,7106,0.000281452293836195
"PPanGGOLiN",4,"85%–90%",4,394,0.0101522842639594,7106,0.00056290458767239
"PPanGGOLiN",4,"90%–95%",14,394,0.0355329949238579,7106,0.00197016605685336
"PPanGGOLiN",4,"95%–100%",249,394,0.631979695431472,7106,0.0350408105826062
"PPanGGOLiN",5,"0%–5%",32,162,0.197530864197531,7106,0.00450323670137912
"PPanGGOLiN",5,"5%–10%",9,162,0.0555555555555556,7106,0.00126653532226288
"PPanGGOLiN",5,"10%–15%",5,162,0.0308641975308642,7106,0.000703630734590487
"PPanGGOLiN",5,"20%–25%",2,162,0.0123456790123457,7106,0.000281452293836195
"PPanGGOLiN",5,"25%–30%",5,162,0.0308641975308642,7106,0.000703630734590487
"PPanGGOLiN",5,"30%–35%",3,162,0.0185185185185185,7106,0.000422178440754292
"PPanGGOLiN",5,"35%–40%",3,162,0.0185185185185185,7106,0.000422178440754292
"PPanGGOLiN",5,"45%–50%",2,162,0.0123456790123457,7106,0.000281452293836195
"PPanGGOLiN",5,"55%–60%",2,162,0.0123456790123457,7106,0.000281452293836195
"PPanGGOLiN",5,"60%–65%",1,162,0.00617283950617284,7106,0.000140726146918097
"PPanGGOLiN",5,"85%–90%",1,162,0.00617283950617284,7106,0.000140726146918097
"PPanGGOLiN",5,"90%–95%",8,162,0.0493827160493827,7106,0.00112580917534478
"PPanGGOLiN",5,"95%–100%",89,162,0.549382716049383,7106,0.0125246270757107
"PPanGGOLiN",6,"0%–5%",21,99,0.212121212121212,7106,0.00295524908528005
"PPanGGOLiN",6,"5%–10%",5,99,0.0505050505050505,7106,0.000703630734590487
"PPanGGOLiN",6,"10%–15%",3,99,0.0303030303030303,7106,0.000422178440754292
"PPanGGOLiN",6,"15%–20%",1,99,0.0101010101010101,7106,0.000140726146918097
"PPanGGOLiN",6,"25%–30%",1,99,0.0101010101010101,7106,0.000140726146918097
"PPanGGOLiN",6,"30%–35%",2,99,0.0202020202020202,7106,0.000281452293836195
"PPanGGOLiN",6,"35%–40%",1,99,0.0101010101010101,7106,0.000140726146918097
"PPanGGOLiN",6,"55%–60%",2,99,0.0202020202020202,7106,0.000281452293836195
"PPanGGOLiN",6,"60%–65%",1,99,0.0101010101010101,7106,0.000140726146918097
"PPanGGOLiN",6,"70%–75%",1,99,0.0101010101010101,7106,0.000140726146918097
"PPanGGOLiN",6,"90%–95%",1,99,0.0101010101010101,7106,0.000140726146918097
"PPanGGOLiN",6,"95%–100%",60,99,0.606060606060606,7106,0.00844356881508584
"PPanGGOLiN",7,"0%–5%",8,47,0.170212765957447,7106,0.00112580917534478
"PPanGGOLiN",7,"10%–15%",1,47,0.0212765957446809,7106,0.000140726146918097
"PPanGGOLiN",7,"25%–30%",1,47,0.0212765957446809,7106,0.000140726146918097
"PPanGGOLiN",7,"30%–35%",1,47,0.0212765957446809,7106,0.000140726146918097
"PPanGGOLiN",7,"50%–55%",1,47,0.0212765957446809,7106,0.000140726146918097
"PPanGGOLiN",7,"55%–60%",1,47,0.0212765957446809,7106,0.000140726146918097
"PPanGGOLiN",7,"60%–65%",2,47,0.0425531914893617,7106,0.000281452293836195
"PPanGGOLiN",7,"70%–75%",1,47,0.0212765957446809,7106,0.000140726146918097
"PPanGGOLiN",7,"80%–85%",1,47,0.0212765957446809,7106,0.000140726146918097
"PPanGGOLiN",7,"85%–90%",1,47,0.0212765957446809,7106,0.000140726146918097
"PPanGGOLiN",7,"90%–95%",1,47,0.0212765957446809,7106,0.000140726146918097
"PPanGGOLiN",7,"95%–100%",28,47,0.595744680851064,7106,0.00394033211370673
"PPanGGOLiN",8,"0%–5%",8,27,0.296296296296296,7106,0.00112580917534478
"PPanGGOLiN",8,"5%–10%",1,27,0.037037037037037,7106,0.000140726146918097
"PPanGGOLiN",8,"25%–30%",1,27,0.037037037037037,7106,0.000140726146918097
"PPanGGOLiN",8,"90%–95%",1,27,0.037037037037037,7106,0.000140726146918097
"PPanGGOLiN",8,"95%–100%",16,27,0.592592592592593,7106,0.00225161835068956
"PPanGGOLiN",9,"0%–5%",7,34,0.205882352941176,7106,0.000985083028426682
"PPanGGOLiN",9,"5%–10%",3,34,0.0882352941176471,7106,0.000422178440754292
"PPanGGOLiN",9,"10%–15%",2,34,0.0588235294117647,7106,0.000281452293836195
"PPanGGOLiN",9,"30%–35%",1,34,0.0294117647058824,7106,0.000140726146918097
"PPanGGOLiN",9,"35%–40%",1,34,0.0294117647058824,7106,0.000140726146918097
"PPanGGOLiN",9,"55%–60%",2,34,0.0588235294117647,7106,0.000281452293836195
"PPanGGOLiN",9,"70%–75%",2,34,0.0588235294117647,7106,0.000281452293836195
"PPanGGOLiN",9,"90%–95%",1,34,0.0294117647058824,7106,0.000140726146918097
"PPanGGOLiN",9,"95%–100%",15,34,0.441176470588235,7106,0.00211089220377146
"PPanGGOLiN",10,"0%–5%",5,19,0.263157894736842,7106,0.000703630734590487
"PPanGGOLiN",10,"25%–30%",2,19,0.105263157894737,7106,0.000281452293836195
"PPanGGOLiN",10,"30%–35%",1,19,0.0526315789473684,7106,0.000140726146918097
"PPanGGOLiN",10,"85%–90%",1,19,0.0526315789473684,7106,0.000140726146918097
"PPanGGOLiN",10,"95%–100%",10,19,0.526315789473684,7106,0.00140726146918097
"Panaroo",0,"0%–5%",2,2,1,8495,0.000235432607416127
"Panaroo",1,"0%–5%",24,28,0.857142857142857,8495,0.00282519128899353
"Panaroo",1,"5%–10%",1,28,0.0357142857142857,8495,0.000117716303708064
"Panaroo",1,"10%–15%",1,28,0.0357142857142857,8495,0.000117716303708064
"Panaroo",1,"15%–20%",2,28,0.0714285714285714,8495,0.000235432607416127
"Panaroo",2,"0%–5%",1709,6277,0.27226382029632,8495,0.201177163037081
"Panaroo",2,"5%–10%",165,6277,0.0262864425681058,8495,0.0194231901118305
"Panaroo",2,"10%–15%",88,6277,0.0140194360363231,8495,0.0103590347263096
"Panaroo",2,"15%–20%",12,6277,0.00191174127768042,8495,0.00141259564449676
"Panaroo",2,"20%–25%",33,6277,0.00525728851362116,8495,0.0038846380223661
"Panaroo",2,"25%–30%",93,6277,0.0148159949020233,8495,0.0109476162448499
"Panaroo",2,"30%–35%",32,6277,0.00509797674048112,8495,0.00376692171865803
"Panaroo",2,"35%–40%",4,6277,0.00063724709256014,8495,0.000470865214832254
"Panaroo",2,"40%–45%",9,6277,0.00143380595826032,8495,0.00105944673337257
"Panaroo",2,"45%–50%",34,6277,0.00541660028676119,8495,0.00400235432607416
"Panaroo",2,"50%–55%",35,6277,0.00557591205990123,8495,0.00412007062978222
"Panaroo",2,"55%–60%",24,6277,0.00382348255536084,8495,0.00282519128899353
"Panaroo",2,"60%–65%",3,6277,0.000477935319420105,8495,0.000353148911124191
"Panaroo",2,"65%–70%",13,6277,0.00207105305082046,8495,0.00153031194820483
"Panaroo",2,"70%–75%",16,6277,0.00254898837024056,8495,0.00188346085932902
"Panaroo",2,"75%–80%",3,6277,0.000477935319420105,8495,0.000353148911124191
"Panaroo",2,"80%–85%",7,6277,0.00111518241198025,8495,0.000824014125956445
"Panaroo",2,"85%–90%",10,6277,0.00159311773140035,8495,0.00117716303708064
"Panaroo",2,"90%–95%",73,6277,0.0116297594392226,8495,0.00859329017068864
"Panaroo",2,"95%–100%",3914,6277,0.623546280070097,8495,0.460741612713361
"Panaroo",3,"0%–5%",249,1027,0.242453748782863,8495,0.0293113596233078
"Panaroo",3,"5%–10%",73,1027,0.071080817916261,8495,0.00859329017068864
"Panaroo",3,"10%–15%",40,1027,0.0389483933787731,8495,0.00470865214832254
"Panaroo",3,"15%–20%",7,1027,0.0068159688412853,8495,0.000824014125956445
"Panaroo",3,"20%–25%",9,1027,0.00876338851022395,8495,0.00105944673337257
"Panaroo",3,"25%–30%",25,1027,0.0243427458617332,8495,0.00294290759270159
"Panaroo",3,"30%–35%",33,1027,0.0321324245374878,8495,0.0038846380223661
"Panaroo",3,"35%–40%",5,1027,0.00486854917234664,8495,0.000588581518540318
"Panaroo",3,"40%–45%",1,1027,0.000973709834469328,8495,0.000117716303708064
"Panaroo",3,"45%–50%",10,1027,0.00973709834469328,8495,0.00117716303708064
"Panaroo",3,"50%–55%",7,1027,0.0068159688412853,8495,0.000824014125956445
"Panaroo",3,"55%–60%",7,1027,0.0068159688412853,8495,0.000824014125956445
"Panaroo",3,"60%–65%",9,1027,0.00876338851022395,8495,0.00105944673337257
"Panaroo",3,"65%–70%",9,1027,0.00876338851022395,8495,0.00105944673337257
"Panaroo",3,"70%–75%",17,1027,0.0165530671859786,8495,0.00200117716303708
"Panaroo",3,"75%–80%",5,1027,0.00486854917234664,8495,0.000588581518540318
"Panaroo",3,"80%–85%",6,1027,0.00584225900681597,8495,0.000706297822248381
"Panaroo",3,"85%–90%",10,1027,0.00973709834469328,8495,0.00117716303708064
"Panaroo",3,"90%–95%",25,1027,0.0243427458617332,8495,0.00294290759270159
"Panaroo",3,"95%–100%",480,1027,0.467380720545278,8495,0.0565038257798705
"Panaroo",4,"0%–5%",120,423,0.283687943262411,8495,0.0141259564449676
"Panaroo",4,"5%–10%",29,423,0.0685579196217494,8495,0.00341377280753384
"Panaroo",4,"10%–15%",32,423,0.0756501182033097,8495,0.00376692171865803
"Panaroo",4,"15%–20%",12,423,0.0283687943262411,8495,0.00141259564449676
"Panaroo",4,"20%–25%",14,423,0.033096926713948,8495,0.00164802825191289
"Panaroo",4,"25%–30%",19,423,0.0449172576832151,8495,0.00223660977045321
"Panaroo",4,"30%–35%",17,423,0.0401891252955083,8495,0.00200117716303708
"Panaroo",4,"35%–40%",1,423,0.00236406619385343,8495,0.000117716303708064
"Panaroo",4,"40%–45%",4,423,0.00945626477541371,8495,0.000470865214832254
"Panaroo",4,"45%–50%",7,423,0.016548463356974,8495,0.000824014125956445
"Panaroo",4,"50%–55%",2,423,0.00472813238770686,8495,0.000235432607416127
"Panaroo",4,"55%–60%",8,423,0.0189125295508274,8495,0.000941730429664509
"Panaroo",4,"60%–65%",3,423,0.00709219858156028,8495,0.000353148911124191
"Panaroo",4,"65%–70%",3,423,0.00709219858156028,8495,0.000353148911124191
"Panaroo",4,"70%–75%",5,423,0.0118203309692671,8495,0.000588581518540318
"Panaroo",4,"75%–80%",2,423,0.00472813238770686,8495,0.000235432607416127
"Panaroo",4,"80%–85%",2,423,0.00472813238770686,8495,0.000235432607416127
"Panaroo",4,"85%–90%",4,423,0.00945626477541371,8495,0.000470865214832254
"Panaroo",4,"90%–95%",19,423,0.0449172576832151,8495,0.00223660977045321
"Panaroo",4,"95%–100%",120,423,0.283687943262411,8495,0.0141259564449676
"Panaroo",5,"0%–5%",41,236,0.173728813559322,8495,0.00482636845203061
"Panaroo",5,"5%–10%",29,236,0.122881355932203,8495,0.00341377280753384
"Panaroo",5,"10%–15%",23,236,0.0974576271186441,8495,0.00270747498528546
"Panaroo",5,"15%–20%",10,236,0.0423728813559322,8495,0.00117716303708064
"Panaroo",5,"20%–25%",6,236,0.0254237288135593,8495,0.000706297822248381
"Panaroo",5,"25%–30%",11,236,0.0466101694915254,8495,0.0012948793407887
"Panaroo",5,"30%–35%",11,236,0.0466101694915254,8495,0.0012948793407887
"Panaroo",5,"35%–40%",3,236,0.0127118644067797,8495,0.000353148911124191
"Panaroo",5,"40%–45%",3,236,0.0127118644067797,8495,0.000353148911124191
"Panaroo",5,"45%–50%",4,236,0.0169491525423729,8495,0.000470865214832254
"Panaroo",5,"50%–55%",1,236,0.00423728813559322,8495,0.000117716303708064
"Panaroo",5,"55%–60%",10,236,0.0423728813559322,8495,0.00117716303708064
"Panaroo",5,"60%–65%",2,236,0.00847457627118644,8495,0.000235432607416127
"Panaroo",5,"65%–70%",3,236,0.0127118644067797,8495,0.000353148911124191
"Panaroo",5,"70%–75%",4,236,0.0169491525423729,8495,0.000470865214832254
"Panaroo",5,"75%–80%",3,236,0.0127118644067797,8495,0.000353148911124191
"Panaroo",5,"80%–85%",2,236,0.00847457627118644,8495,0.000235432607416127
"Panaroo",5,"85%–90%",4,236,0.0169491525423729,8495,0.000470865214832254
"Panaroo",5,"90%–95%",12,236,0.0508474576271186,8495,0.00141259564449676
"Panaroo",5,"95%–100%",54,236,0.228813559322034,8495,0.00635668040023543
"Panaroo",6,"0%–5%",24,151,0.158940397350993,8495,0.00282519128899353
"Panaroo",6,"5%–10%",7,151,0.0463576158940397,8495,0.000824014125956445
"Panaroo",6,"10%–15%",8,151,0.0529801324503311,8495,0.000941730429664509
"Panaroo",6,"15%–20%",10,151,0.0662251655629139,8495,0.00117716303708064
"Panaroo",6,"20%–25%",8,151,0.0529801324503311,8495,0.000941730429664509
"Panaroo",6,"25%–30%",9,151,0.0596026490066225,8495,0.00105944673337257
"Panaroo",6,"30%–35%",10,151,0.0662251655629139,8495,0.00117716303708064
"Panaroo",6,"35%–40%",5,151,0.033112582781457,8495,0.000588581518540318
"Panaroo",6,"40%–45%",5,151,0.033112582781457,8495,0.000588581518540318
"Panaroo",6,"45%–50%",1,151,0.00662251655629139,8495,0.000117716303708064
"Panaroo",6,"55%–60%",7,151,0.0463576158940397,8495,0.000824014125956445
"Panaroo",6,"60%–65%",4,151,0.0264900662251656,8495,0.000470865214832254
"Panaroo",6,"65%–70%",2,151,0.0132450331125828,8495,0.000235432607416127
"Panaroo",6,"70%–75%",3,151,0.0198675496688742,8495,0.000353148911124191
"Panaroo",6,"75%–80%",2,151,0.0132450331125828,8495,0.000235432607416127
"Panaroo",6,"80%–85%",2,151,0.0132450331125828,8495,0.000235432607416127
"Panaroo",6,"85%–90%",4,151,0.0264900662251656,8495,0.000470865214832254
"Panaroo",6,"90%–95%",11,151,0.0728476821192053,8495,0.0012948793407887
"Panaroo",6,"95%–100%",29,151,0.19205298013245,8495,0.00341377280753384
"Panaroo",7,"0%–5%",8,110,0.0727272727272727,8495,0.000941730429664509
"Panaroo",7,"5%–10%",17,110,0.154545454545455,8495,0.00200117716303708
"Panaroo",7,"10%–15%",5,110,0.0454545454545455,8495,0.000588581518540318
"Panaroo",7,"15%–20%",5,110,0.0454545454545455,8495,0.000588581518540318
"Panaroo",7,"20%–25%",7,110,0.0636363636363636,8495,0.000824014125956445
"Panaroo",7,"25%–30%",6,110,0.0545454545454545,8495,0.000706297822248381
"Panaroo",7,"30%–35%",5,110,0.0454545454545455,8495,0.000588581518540318
"Panaroo",7,"35%–40%",5,110,0.0454545454545455,8495,0.000588581518540318
"Panaroo",7,"45%–50%",3,110,0.0272727272727273,8495,0.000353148911124191
"Panaroo",7,"50%–55%",2,110,0.0181818181818182,8495,0.000235432607416127
"Panaroo",7,"55%–60%",4,110,0.0363636363636364,8495,0.000470865214832254
"Panaroo",7,"60%–65%",1,110,0.00909090909090909,8495,0.000117716303708064
"Panaroo",7,"65%–70%",8,110,0.0727272727272727,8495,0.000941730429664509
"Panaroo",7,"70%–75%",2,110,0.0181818181818182,8495,0.000235432607416127
"Panaroo",7,"80%–85%",2,110,0.0181818181818182,8495,0.000235432607416127
"Panaroo",7,"85%–90%",2,110,0.0181818181818182,8495,0.000235432607416127
"Panaroo",7,"90%–95%",6,110,0.0545454545454545,8495,0.000706297822248381
"Panaroo",7,"95%–100%",22,110,0.2,8495,0.0025897586815774
"Panaroo",8,"0%–5%",6,98,0.0612244897959184,8495,0.000706297822248381
"Panaroo",8,"5%–10%",8,98,0.0816326530612245,8495,0.000941730429664509
"Panaroo",8,"10%–15%",9,98,0.0918367346938776,8495,0.00105944673337257
"Panaroo",8,"15%–20%",5,98,0.0510204081632653,8495,0.000588581518540318
"Panaroo",8,"20%–25%",5,98,0.0510204081632653,8495,0.000588581518540318
"Panaroo",8,"25%–30%",4,98,0.0408163265306122,8495,0.000470865214832254
"Panaroo",8,"30%–35%",5,98,0.0510204081632653,8495,0.000588581518540318
"Panaroo",8,"35%–40%",4,98,0.0408163265306122,8495,0.000470865214832254
"Panaroo",8,"40%–45%",1,98,0.0102040816326531,8495,0.000117716303708064
"Panaroo",8,"45%–50%",1,98,0.0102040816326531,8495,0.000117716303708064
"Panaroo",8,"50%–55%",3,98,0.0306122448979592,8495,0.000353148911124191
"Panaroo",8,"55%–60%",2,98,0.0204081632653061,8495,0.000235432607416127
"Panaroo",8,"60%–65%",2,98,0.0204081632653061,8495,0.000235432607416127
"Panaroo",8,"65%–70%",3,98,0.0306122448979592,8495,0.000353148911124191
"Panaroo",8,"70%–75%",3,98,0.0306122448979592,8495,0.000353148911124191
"Panaroo",8,"80%–85%",2,98,0.0204081632653061,8495,0.000235432607416127
"Panaroo",8,"85%–90%",7,98,0.0714285714285714,8495,0.000824014125956445
"Panaroo",8,"90%–95%",6,98,0.0612244897959184,8495,0.000706297822248381
"Panaroo",8,"95%–100%",22,98,0.224489795918367,8495,0.0025897586815774
"Panaroo",9,"0%–5%",1,75,0.0133333333333333,8495,0.000117716303708064
"Panaroo",9,"5%–10%",7,75,0.0933333333333333,8495,0.000824014125956445
"Panaroo",9,"10%–15%",6,75,0.08,8495,0.000706297822248381
"Panaroo",9,"15%–20%",6,75,0.08,8495,0.000706297822248381
"Panaroo",9,"20%–25%",4,75,0.0533333333333333,8495,0.000470865214832254
"Panaroo",9,"25%–30%",5,75,0.0666666666666667,8495,0.000588581518540318
"Panaroo",9,"30%–35%",4,75,0.0533333333333333,8495,0.000470865214832254
"Panaroo",9,"35%–40%",2,75,0.0266666666666667,8495,0.000235432607416127
"Panaroo",9,"40%–45%",2,75,0.0266666666666667,8495,0.000235432607416127
"Panaroo",9,"45%–50%",3,75,0.04,8495,0.000353148911124191
"Panaroo",9,"50%–55%",3,75,0.04,8495,0.000353148911124191
"Panaroo",9,"55%–60%",3,75,0.04,8495,0.000353148911124191
"Panaroo",9,"65%–70%",1,75,0.0133333333333333,8495,0.000117716303708064
"Panaroo",9,"70%–75%",2,75,0.0266666666666667,8495,0.000235432607416127
"Panaroo",9,"75%–80%",2,75,0.0266666666666667,8495,0.000235432607416127
"Panaroo",9,"80%–85%",2,75,0.0266666666666667,8495,0.000235432607416127
"Panaroo",9,"85%–90%",1,75,0.0133333333333333,8495,0.000117716303708064
"Panaroo",9,"90%–95%",5,75,0.0666666666666667,8495,0.000588581518540318
"Panaroo",9,"95%–100%",16,75,0.213333333333333,8495,0.00188346085932902
"Panaroo",10,"0%–5%",2,68,0.0294117647058824,8495,0.000235432607416127
"Panaroo",10,"5%–10%",6,68,0.0882352941176471,8495,0.000706297822248381
"Panaroo",10,"10%–15%",7,68,0.102941176470588,8495,0.000824014125956445
"Panaroo",10,"15%–20%",6,68,0.0882352941176471,8495,0.000706297822248381
"Panaroo",10,"20%–25%",4,68,0.0588235294117647,8495,0.000470865214832254
"Panaroo",10,"25%–30%",2,68,0.0294117647058824,8495,0.000235432607416127
"Panaroo",10,"30%–35%",4,68,0.0588235294117647,8495,0.000470865214832254
"Panaroo",10,"35%–40%",2,68,0.0294117647058824,8495,0.000235432607416127
"Panaroo",10,"40%–45%",4,68,0.0588235294117647,8495,0.000470865214832254
"Panaroo",10,"45%–50%",3,68,0.0441176470588235,8495,0.000353148911124191
"Panaroo",10,"50%–55%",1,68,0.0147058823529412,8495,0.000117716303708064
"Panaroo",10,"55%–60%",1,68,0.0147058823529412,8495,0.000117716303708064
"Panaroo",10,"60%–65%",2,68,0.0294117647058824,8495,0.000235432607416127
"Panaroo",10,"65%–70%",3,68,0.0441176470588235,8495,0.000353148911124191
"Panaroo",10,"70%–75%",1,68,0.0147058823529412,8495,0.000117716303708064
"Panaroo",10,"80%–85%",2,68,0.0294117647058824,8495,0.000235432607416127
"Panaroo",10,"85%–90%",2,68,0.0294117647058824,8495,0.000235432607416127
"Panaroo",10,"90%–95%",5,68,0.0735294117647059,8495,0.000588581518540318
"Panaroo",10,"95%–100%",11,68,0.161764705882353,8495,0.0012948793407887
"Pangraph",0,"0%–5%",186,326,0.570552147239264,1643,0.113207547169811
"Pangraph",0,"5%–10%",30,326,0.0920245398773006,1643,0.0182592818015825
"Pangraph",0,"10%–15%",11,326,0.0337423312883436,1643,0.00669506999391357
"Pangraph",0,"15%–20%",5,326,0.0153374233128834,1643,0.00304321363359708
"Pangraph",0,"20%–25%",2,326,0.00613496932515337,1643,0.00121728545343883
"Pangraph",0,"25%–30%",5,326,0.0153374233128834,1643,0.00304321363359708
"Pangraph",0,"30%–35%",5,326,0.0153374233128834,1643,0.00304321363359708
"Pangraph",0,"40%–45%",1,326,0.00306748466257669,1643,0.000608642726719416
"Pangraph",0,"45%–50%",1,326,0.00306748466257669,1643,0.000608642726719416
"Pangraph",0,"55%–60%",1,326,0.00306748466257669,1643,0.000608642726719416
"Pangraph",0,"60%–65%",3,326,0.00920245398773006,1643,0.00182592818015825
"Pangraph",0,"65%–70%",3,326,0.00920245398773006,1643,0.00182592818015825
"Pangraph",0,"75%–80%",1,326,0.00306748466257669,1643,0.000608642726719416
"Pangraph",0,"80%–85%",1,326,0.00306748466257669,1643,0.000608642726719416
"Pangraph",0,"85%–90%",4,326,0.0122699386503067,1643,0.00243457090687766
"Pangraph",0,"90%–95%",7,326,0.0214723926380368,1643,0.00426049908703591
"Pangraph",0,"95%–100%",60,326,0.184049079754601,1643,0.0365185636031649
"Pangraph",2,"0%–5%",331,635,0.521259842519685,1643,0.201460742544127
"Pangraph",2,"5%–10%",27,635,0.0425196850393701,1643,0.0164333536214242
"Pangraph",2,"10%–15%",13,635,0.0204724409448819,1643,0.0079123554473524
"Pangraph",2,"15%–20%",2,635,0.0031496062992126,1643,0.00121728545343883
"Pangraph",2,"20%–25%",1,635,0.0015748031496063,1643,0.000608642726719416
"Pangraph",2,"25%–30%",13,635,0.0204724409448819,1643,0.0079123554473524
"Pangraph",2,"35%–40%",1,635,0.0015748031496063,1643,0.000608642726719416
"Pangraph",2,"45%–50%",1,635,0.0015748031496063,1643,0.000608642726719416
"Pangraph",2,"70%–75%",7,635,0.0110236220472441,1643,0.00426049908703591
"Pangraph",2,"85%–90%",2,635,0.0031496062992126,1643,0.00121728545343883
"Pangraph",2,"90%–95%",10,635,0.015748031496063,1643,0.00608642726719416
"Pangraph",2,"95%–100%",227,635,0.35748031496063,1643,0.138161898965307
"Pangraph",3,"0%–5%",85,323,0.263157894736842,1643,0.0517346317711503
"Pangraph",3,"5%–10%",15,323,0.0464396284829721,1643,0.00912964090079124
"Pangraph",3,"10%–15%",4,323,0.0123839009287926,1643,0.00243457090687766
"Pangraph",3,"15%–20%",1,323,0.00309597523219814,1643,0.000608642726719416
"Pangraph",3,"20%–25%",3,323,0.00928792569659443,1643,0.00182592818015825
"Pangraph",3,"25%–30%",8,323,0.0247678018575851,1643,0.00486914181375533
"Pangraph",3,"30%–35%",3,323,0.00928792569659443,1643,0.00182592818015825
"Pangraph",3,"60%–65%",1,323,0.00309597523219814,1643,0.000608642726719416
"Pangraph",3,"70%–75%",4,323,0.0123839009287926,1643,0.00243457090687766
"Pangraph",3,"90%–95%",14,323,0.043343653250774,1643,0.00852099817407182
"Pangraph",3,"95%–100%",185,323,0.572755417956656,1643,0.112598904443092
"Pangraph",4,"0%–5%",60,192,0.3125,1643,0.0365185636031649
"Pangraph",4,"5%–10%",18,192,0.09375,1643,0.0109555690809495
"Pangraph",4,"10%–15%",11,192,0.0572916666666667,1643,0.00669506999391357
"Pangraph",4,"15%–20%",2,192,0.0104166666666667,1643,0.00121728545343883
"Pangraph",4,"25%–30%",9,192,0.046875,1643,0.00547778454047474
"Pangraph",4,"30%–35%",2,192,0.0104166666666667,1643,0.00121728545343883
"Pangraph",4,"55%–60%",1,192,0.00520833333333333,1643,0.000608642726719416
"Pangraph",4,"65%–70%",1,192,0.00520833333333333,1643,0.000608642726719416
"Pangraph",4,"70%–75%",2,192,0.0104166666666667,1643,0.00121728545343883
"Pangraph",4,"80%–85%",1,192,0.00520833333333333,1643,0.000608642726719416
"Pangraph",4,"85%–90%",2,192,0.0104166666666667,1643,0.00121728545343883
"Pangraph",4,"90%–95%",6,192,0.03125,1643,0.00365185636031649
"Pangraph",4,"95%–100%",77,192,0.401041666666667,1643,0.046865489957395
"Pangraph",5,"0%–5%",30,77,0.38961038961039,1643,0.0182592818015825
"Pangraph",5,"5%–10%",9,77,0.116883116883117,1643,0.00547778454047474
"Pangraph",5,"10%–15%",3,77,0.038961038961039,1643,0.00182592818015825
"Pangraph",5,"15%–20%",2,77,0.025974025974026,1643,0.00121728545343883
"Pangraph",5,"20%–25%",2,77,0.025974025974026,1643,0.00121728545343883
"Pangraph",5,"25%–30%",1,77,0.012987012987013,1643,0.000608642726719416
"Pangraph",5,"30%–35%",3,77,0.038961038961039,1643,0.00182592818015825
"Pangraph",5,"35%–40%",1,77,0.012987012987013,1643,0.000608642726719416
"Pangraph",5,"60%–65%",1,77,0.012987012987013,1643,0.000608642726719416
"Pangraph",5,"65%–70%",1,77,0.012987012987013,1643,0.000608642726719416
"Pangraph",5,"70%–75%",3,77,0.038961038961039,1643,0.00182592818015825
"Pangraph",5,"90%–95%",3,77,0.038961038961039,1643,0.00182592818015825
"Pangraph",5,"95%–100%",18,77,0.233766233766234,1643,0.0109555690809495
"Pangraph",6,"0%–5%",12,37,0.324324324324324,1643,0.00730371272063299
"Pangraph",6,"5%–10%",5,37,0.135135135135135,1643,0.00304321363359708
"Pangraph",6,"10%–15%",4,37,0.108108108108108,1643,0.00243457090687766
"Pangraph",6,"15%–20%",1,37,0.027027027027027,1643,0.000608642726719416
"Pangraph",6,"20%–25%",2,37,0.0540540540540541,1643,0.00121728545343883
"Pangraph",6,"25%–30%",1,37,0.027027027027027,1643,0.000608642726719416
"Pangraph",6,"55%–60%",1,37,0.027027027027027,1643,0.000608642726719416
"Pangraph",6,"60%–65%",1,37,0.027027027027027,1643,0.000608642726719416
"Pangraph",6,"90%–95%",1,37,0.027027027027027,1643,0.000608642726719416
"Pangraph",6,"95%–100%",9,37,0.243243243243243,1643,0.00547778454047474
"Pangraph",7,"0%–5%",8,23,0.347826086956522,1643,0.00486914181375533
"Pangraph",7,"5%–10%",5,23,0.217391304347826,1643,0.00304321363359708
"Pangraph",7,"10%–15%",1,23,0.0434782608695652,1643,0.000608642726719416
"Pangraph",7,"15%–20%",1,23,0.0434782608695652,1643,0.000608642726719416
"Pangraph",7,"25%–30%",1,23,0.0434782608695652,1643,0.000608642726719416
"Pangraph",7,"30%–35%",2,23,0.0869565217391304,1643,0.00121728545343883
"Pangraph",7,"95%–100%",5,23,0.217391304347826,1643,0.00304321363359708
"Pangraph",8,"0%–5%",6,17,0.352941176470588,1643,0.00365185636031649
"Pangraph",8,"5%–10%",4,17,0.235294117647059,1643,0.00243457090687766
"Pangraph",8,"10%–15%",1,17,0.0588235294117647,1643,0.000608642726719416
"Pangraph",8,"35%–40%",1,17,0.0588235294117647,1643,0.000608642726719416
"Pangraph",8,"60%–65%",1,17,0.0588235294117647,1643,0.000608642726719416
"Pangraph",8,"95%–100%",4,17,0.235294117647059,1643,0.00243457090687766
"Pangraph",9,"5%–10%",3,8,0.375,1643,0.00182592818015825
"Pangraph",9,"15%–20%",1,8,0.125,1643,0.000608642726719416
"Pangraph",9,"85%–90%",1,8,0.125,1643,0.000608642726719416
"Pangraph",9,"90%–95%",1,8,0.125,1643,0.000608642726719416
"Pangraph",9,"95%–100%",2,8,0.25,1643,0.00121728545343883
"Pangraph",10,"5%–10%",1,5,0.2,1643,0.000608642726719416
"Pangraph",10,"20%–25%",1,5,0.2,1643,0.000608642726719416
"Pangraph",10,"95%–100%",3,5,0.6,1643,0.00182592818015825
"Roary",1,"0%–5%",37,38,0.973684210526316,12292,0.00301008786202408
"Roary",1,"5%–10%",1,38,0.0263157894736842,12292,8.13537260006508e-05
"Roary",2,"0%–5%",4016,7460,0.538337801608579,12292,0.326716563618614
"Roary",2,"5%–10%",168,7460,0.0225201072386059,12292,0.0136674259681093
"Roary",2,"10%–15%",61,7460,0.0081769436997319,12292,0.0049625772860397
"Roary",2,"15%–20%",26,7460,0.00348525469168901,12292,0.00211519687601692
"Roary",2,"20%–25%",27,7460,0.00361930294906166,12292,0.00219655060201757
"Roary",2,"25%–30%",85,7460,0.0113941018766756,12292,0.00691506671005532
"Roary",2,"30%–35%",28,7460,0.00375335120643432,12292,0.00227790432801822
"Roary",2,"35%–40%",9,7460,0.00120643431635389,12292,0.000732183534005858
"Roary",2,"40%–45%",3,7460,0.000402144772117962,12292,0.000244061178001952
"Roary",2,"45%–50%",2,7460,0.000268096514745308,12292,0.000162707452001302
"Roary",2,"50%–55%",2,7460,0.000268096514745308,12292,0.000162707452001302
"Roary",2,"55%–60%",6,7460,0.000804289544235925,12292,0.000488122356003905
"Roary",2,"60%–65%",13,7460,0.0017426273458445,12292,0.00105759843800846
"Roary",2,"65%–70%",16,7460,0.00214477211796247,12292,0.00130165961601041
"Roary",2,"70%–75%",8,7460,0.00107238605898123,12292,0.000650829808005207
"Roary",2,"75%–80%",3,7460,0.000402144772117962,12292,0.000244061178001952
"Roary",2,"80%–85%",2,7460,0.000268096514745308,12292,0.000162707452001302
"Roary",2,"85%–90%",18,7460,0.00241286863270777,12292,0.00146436706801172
"Roary",2,"90%–95%",43,7460,0.00576407506702413,12292,0.00349821021802799
"Roary",2,"95%–100%",2924,7460,0.391957104557641,12292,0.237878294825903
"Roary",3,"0%–5%",602,2083,0.28900624099856,12292,0.0489749430523918
"Roary",3,"5%–10%",145,2083,0.0696111377820451,12292,0.0117962902700944
"Roary",3,"10%–15%",57,2083,0.0273643783005281,12292,0.0046371623820371
"Roary",3,"15%–20%",16,2083,0.00768122899663946,12292,0.00130165961601041
"Roary",3,"20%–25%",31,2083,0.014882381180989,12292,0.00252196550602018
"Roary",3,"25%–30%",49,2083,0.0235237638022084,12292,0.00398633257403189
"Roary",3,"30%–35%",26,2083,0.0124819971195391,12292,0.00211519687601692
"Roary",3,"35%–40%",13,2083,0.00624099855976956,12292,0.00105759843800846
"Roary",3,"40%–45%",6,2083,0.0028804608737398,12292,0.000488122356003905
"Roary",3,"45%–50%",5,2083,0.00240038406144983,12292,0.000406768630003254
"Roary",3,"50%–55%",9,2083,0.0043206913106097,12292,0.000732183534005858
"Roary",3,"55%–60%",5,2083,0.00240038406144983,12292,0.000406768630003254
"Roary",3,"60%–65%",10,2083,0.00480076812289966,12292,0.000813537260006508
"Roary",3,"65%–70%",12,2083,0.0057609217474796,12292,0.00097624471200781
"Roary",3,"70%–75%",16,2083,0.00768122899663946,12292,0.00130165961601041
"Roary",3,"75%–80%",4,2083,0.00192030724915987,12292,0.000325414904002603
"Roary",3,"80%–85%",9,2083,0.0043206913106097,12292,0.000732183534005858
"Roary",3,"85%–90%",14,2083,0.00672107537205953,12292,0.00113895216400911
"Roary",3,"90%–95%",46,2083,0.0220835333653385,12292,0.00374227139602994
"Roary",3,"95%–100%",1008,2083,0.483917426788286,12292,0.082004555808656
"Roary",4,"0%–5%",414,1146,0.361256544502618,12292,0.0336804425642694
"Roary",4,"5%–10%",108,1146,0.0942408376963351,12292,0.00878620240807029
"Roary",4,"10%–15%",56,1146,0.0488656195462478,12292,0.00455580865603645
"Roary",4,"15%–20%",28,1146,0.0244328097731239,12292,0.00227790432801822
"Roary",4,"20%–25%",24,1146,0.0209424083769634,12292,0.00195248942401562
"Roary",4,"25%–30%",36,1146,0.031413612565445,12292,0.00292873413602343
"Roary",4,"30%–35%",23,1146,0.0200698080279232,12292,0.00187113569801497
"Roary",4,"35%–40%",8,1146,0.00698080279232112,12292,0.000650829808005207
"Roary",4,"40%–45%",3,1146,0.00261780104712042,12292,0.000244061178001952
"Roary",4,"45%–50%",4,1146,0.00349040139616056,12292,0.000325414904002603
"Roary",4,"50%–55%",5,1146,0.0043630017452007,12292,0.000406768630003254
"Roary",4,"55%–60%",7,1146,0.00610820244328098,12292,0.000569476082004556
"Roary",4,"60%–65%",8,1146,0.00698080279232112,12292,0.000650829808005207
"Roary",4,"65%–70%",11,1146,0.00959860383944154,12292,0.000894890986007159
"Roary",4,"70%–75%",13,1146,0.0113438045375218,12292,0.00105759843800846
"Roary",4,"75%–80%",4,1146,0.00349040139616056,12292,0.000325414904002603
"Roary",4,"80%–85%",5,1146,0.0043630017452007,12292,0.000406768630003254
"Roary",4,"85%–90%",21,1146,0.0183246073298429,12292,0.00170842824601367
"Roary",4,"90%–95%",28,1146,0.0244328097731239,12292,0.00227790432801822
"Roary",4,"95%–100%",340,1146,0.296684118673647,12292,0.0276602668402213
"Roary",5,"0%–5%",155,570,0.271929824561404,12292,0.0126098275301009
"Roary",5,"5%–10%",88,570,0.154385964912281,12292,0.00715912788805727
"Roary",5,"10%–15%",25,570,0.043859649122807,12292,0.00203384315001627
"Roary",5,"15%–20%",19,570,0.0333333333333333,12292,0.00154572079401237
"Roary",5,"20%–25%",16,570,0.0280701754385965,12292,0.00130165961601041
"Roary",5,"25%–30%",24,570,0.0421052631578947,12292,0.00195248942401562
"Roary",5,"30%–35%",12,570,0.0210526315789474,12292,0.00097624471200781
"Roary",5,"35%–40%",11,570,0.0192982456140351,12292,0.000894890986007159
"Roary",5,"40%–45%",4,570,0.00701754385964912,12292,0.000325414904002603
"Roary",5,"45%–50%",3,570,0.00526315789473684,12292,0.000244061178001952
"Roary",5,"55%–60%",8,570,0.0140350877192982,12292,0.000650829808005207
"Roary",5,"60%–65%",11,570,0.0192982456140351,12292,0.000894890986007159
"Roary",5,"65%–70%",7,570,0.012280701754386,12292,0.000569476082004556
"Roary",5,"70%–75%",9,570,0.0157894736842105,12292,0.000732183534005858
"Roary",5,"75%–80%",5,570,0.0087719298245614,12292,0.000406768630003254
"Roary",5,"80%–85%",6,570,0.0105263157894737,12292,0.000488122356003905
"Roary",5,"85%–90%",13,570,0.0228070175438597,12292,0.00105759843800846
"Roary",5,"90%–95%",27,570,0.0473684210526316,12292,0.00219655060201757
"Roary",5,"95%–100%",127,570,0.22280701754386,12292,0.0103319232020827
"Roary",6,"0%–5%",86,364,0.236263736263736,12292,0.00699642043605597
"Roary",6,"5%–10%",69,364,0.18956043956044,12292,0.00561340709404491
"Roary",6,"10%–15%",30,364,0.0824175824175824,12292,0.00244061178001952
"Roary",6,"15%–20%",15,364,0.0412087912087912,12292,0.00122030589000976
"Roary",6,"20%–25%",13,364,0.0357142857142857,12292,0.00105759843800846
"Roary",6,"25%–30%",14,364,0.0384615384615385,12292,0.00113895216400911
"Roary",6,"30%–35%",12,364,0.032967032967033,12292,0.00097624471200781
"Roary",6,"35%–40%",2,364,0.0054945054945055,12292,0.000162707452001302
"Roary",6,"40%–45%",2,364,0.0054945054945055,12292,0.000162707452001302
"Roary",6,"45%–50%",4,364,0.010989010989011,12292,0.000325414904002603
"Roary",6,"50%–55%",6,364,0.0164835164835165,12292,0.000488122356003905
"Roary",6,"55%–60%",4,364,0.010989010989011,12292,0.000325414904002603
"Roary",6,"60%–65%",5,364,0.0137362637362637,12292,0.000406768630003254
"Roary",6,"65%–70%",7,364,0.0192307692307692,12292,0.000569476082004556
"Roary",6,"70%–75%",2,364,0.0054945054945055,12292,0.000162707452001302
"Roary",6,"75%–80%",2,364,0.0054945054945055,12292,0.000162707452001302
"Roary",6,"80%–85%",3,364,0.00824175824175824,12292,0.000244061178001952
"Roary",6,"85%–90%",8,364,0.021978021978022,12292,0.000650829808005207
"Roary",6,"90%–95%",18,364,0.0494505494505494,12292,0.00146436706801172
"Roary",6,"95%–100%",62,364,0.17032967032967,12292,0.00504393101204035
"Roary",7,"0%–5%",53,228,0.232456140350877,12292,0.00431174747803449
"Roary",7,"5%–10%",46,228,0.201754385964912,12292,0.00374227139602994
"Roary",7,"10%–15%",19,228,0.0833333333333333,12292,0.00154572079401237
"Roary",7,"15%–20%",10,228,0.043859649122807,12292,0.000813537260006508
"Roary",7,"20%–25%",6,228,0.0263157894736842,12292,0.000488122356003905
"Roary",7,"25%–30%",12,228,0.0526315789473684,12292,0.00097624471200781
"Roary",7,"30%–35%",9,228,0.0394736842105263,12292,0.000732183534005858
"Roary",7,"35%–40%",3,228,0.0131578947368421,12292,0.000244061178001952
"Roary",7,"40%–45%",7,228,0.0307017543859649,12292,0.000569476082004556
"Roary",7,"45%–50%",5,228,0.0219298245614035,12292,0.000406768630003254
"Roary",7,"50%–55%",5,228,0.0219298245614035,12292,0.000406768630003254
"Roary",7,"55%–60%",4,228,0.0175438596491228,12292,0.000325414904002603
"Roary",7,"60%–65%",2,228,0.0087719298245614,12292,0.000162707452001302
"Roary",7,"65%–70%",6,228,0.0263157894736842,12292,0.000488122356003905
"Roary",7,"70%–75%",7,228,0.0307017543859649,12292,0.000569476082004556
"Roary",7,"75%–80%",2,228,0.0087719298245614,12292,0.000162707452001302
"Roary",7,"80%–85%",3,228,0.0131578947368421,12292,0.000244061178001952
"Roary",7,"85%–90%",6,228,0.0263157894736842,12292,0.000488122356003905
"Roary",7,"90%–95%",3,228,0.0131578947368421,12292,0.000244061178001952
"Roary",7,"95%–100%",20,228,0.087719298245614,12292,0.00162707452001302
"Roary",8,"0%–5%",32,177,0.180790960451977,12292,0.00260331923202083
"Roary",8,"5%–10%",43,177,0.242937853107345,12292,0.00349821021802799
"Roary",8,"10%–15%",22,177,0.124293785310734,12292,0.00178978197201432
"Roary",8,"15%–20%",8,177,0.0451977401129944,12292,0.000650829808005207
"Roary",8,"20%–25%",7,177,0.0395480225988701,12292,0.000569476082004556
"Roary",8,"25%–30%",4,177,0.0225988700564972,12292,0.000325414904002603
"Roary",8,"30%–35%",4,177,0.0225988700564972,12292,0.000325414904002603
"Roary",8,"35%–40%",4,177,0.0225988700564972,12292,0.000325414904002603
"Roary",8,"40%–45%",3,177,0.0169491525423729,12292,0.000244061178001952
"Roary",8,"45%–50%",2,177,0.0112994350282486,12292,0.000162707452001302
"Roary",8,"55%–60%",7,177,0.0395480225988701,12292,0.000569476082004556
"Roary",8,"60%–65%",4,177,0.0225988700564972,12292,0.000325414904002603
"Roary",8,"65%–70%",4,177,0.0225988700564972,12292,0.000325414904002603
"Roary",8,"70%–75%",3,177,0.0169491525423729,12292,0.000244061178001952
"Roary",8,"75%–80%",3,177,0.0169491525423729,12292,0.000244061178001952
"Roary",8,"80%–85%",2,177,0.0112994350282486,12292,0.000162707452001302
"Roary",8,"85%–90%",7,177,0.0395480225988701,12292,0.000569476082004556
"Roary",8,"90%–95%",1,177,0.00564971751412429,12292,8.13537260006508e-05
"Roary",8,"95%–100%",17,177,0.096045197740113,12292,0.00138301334201106
"Roary",9,"0%–5%",15,128,0.1171875,12292,0.00122030589000976
"Roary",9,"5%–10%",19,128,0.1484375,12292,0.00154572079401237
"Roary",9,"10%–15%",17,128,0.1328125,12292,0.00138301334201106
"Roary",9,"15%–20%",12,128,0.09375,12292,0.00097624471200781
"Roary",9,"20%–25%",5,128,0.0390625,12292,0.000406768630003254
"Roary",9,"25%–30%",7,128,0.0546875,12292,0.000569476082004556
"Roary",9,"30%–35%",3,128,0.0234375,12292,0.000244061178001952
"Roary",9,"35%–40%",6,128,0.046875,12292,0.000488122356003905
"Roary",9,"40%–45%",4,128,0.03125,12292,0.000325414904002603
"Roary",9,"45%–50%",3,128,0.0234375,12292,0.000244061178001952
"Roary",9,"50%–55%",4,128,0.03125,12292,0.000325414904002603
"Roary",9,"55%–60%",2,128,0.015625,12292,0.000162707452001302
"Roary",9,"60%–65%",3,128,0.0234375,12292,0.000244061178001952
"Roary",9,"65%–70%",2,128,0.015625,12292,0.000162707452001302
"Roary",9,"80%–85%",3,128,0.0234375,12292,0.000244061178001952
"Roary",9,"85%–90%",4,128,0.03125,12292,0.000325414904002603
"Roary",9,"90%–95%",6,128,0.046875,12292,0.000488122356003905
"Roary",9,"95%–100%",13,128,0.1015625,12292,0.00105759843800846
"Roary",10,"0%–5%",11,98,0.112244897959184,12292,0.000894890986007159
"Roary",10,"5%–10%",14,98,0.142857142857143,12292,0.00113895216400911
"Roary",10,"10%–15%",13,98,0.13265306122449,12292,0.00105759843800846
"Roary",10,"15%–20%",6,98,0.0612244897959184,12292,0.000488122356003905
"Roary",10,"20%–25%",4,98,0.0408163265306122,12292,0.000325414904002603
"Roary",10,"25%–30%",7,98,0.0714285714285714,12292,0.000569476082004556
"Roary",10,"30%–35%",7,98,0.0714285714285714,12292,0.000569476082004556
"Roary",10,"35%–40%",6,98,0.0612244897959184,12292,0.000488122356003905
"Roary",10,"40%–45%",2,98,0.0204081632653061,12292,0.000162707452001302
"Roary",10,"45%–50%",1,98,0.0102040816326531,12292,8.13537260006508e-05
"Roary",10,"55%–60%",2,98,0.0204081632653061,12292,0.000162707452001302
"Roary",10,"60%–65%",1,98,0.0102040816326531,12292,8.13537260006508e-05
"Roary",10,"65%–70%",2,98,0.0204081632653061,12292,0.000162707452001302
"Roary",10,"70%–75%",4,98,0.0408163265306122,12292,0.000325414904002603
"Roary",10,"80%–85%",1,98,0.0102040816326531,12292,8.13537260006508e-05
"Roary",10,"85%–90%",3,98,0.0306122448979592,12292,0.000244061178001952
"Roary",10,"90%–95%",4,98,0.0408163265306122,12292,0.000325414904002603
"Roary",10,"95%–100%",10,98,0.102040816326531,12292,0.000813537260006508
"ggCaller",0,"0%–5%",343,507,0.676528599605523,7573,0.0452924864650733
"ggCaller",0,"5%–10%",7,507,0.0138067061143984,7573,0.000924336458470883
"ggCaller",0,"10%–15%",9,507,0.0177514792899408,7573,0.00118843258946256
"ggCaller",0,"15%–20%",5,507,0.00986193293885602,7573,0.000660240327479202
"ggCaller",0,"20%–25%",4,507,0.00788954635108481,7573,0.000528192261983362
"ggCaller",0,"25%–30%",3,507,0.00591715976331361,7573,0.000396144196487521
"ggCaller",0,"30%–35%",8,507,0.0157790927021696,7573,0.00105638452396672
"ggCaller",0,"35%–40%",2,507,0.00394477317554241,7573,0.000264096130991681
"ggCaller",0,"45%–50%",2,507,0.00394477317554241,7573,0.000264096130991681
"ggCaller",0,"50%–55%",1,507,0.0019723865877712,7573,0.00013204806549584
"ggCaller",0,"55%–60%",2,507,0.00394477317554241,7573,0.000264096130991681
"ggCaller",0,"60%–65%",2,507,0.00394477317554241,7573,0.000264096130991681
"ggCaller",0,"70%–75%",1,507,0.0019723865877712,7573,0.00013204806549584
"ggCaller",0,"75%–80%",2,507,0.00394477317554241,7573,0.000264096130991681
"ggCaller",0,"85%–90%",2,507,0.00394477317554241,7573,0.000264096130991681
"ggCaller",0,"90%–95%",10,507,0.019723865877712,7573,0.0013204806549584
"ggCaller",0,"95%–100%",104,507,0.205128205128205,7573,0.0137329988115674
"ggCaller",1,"0%–5%",182,396,0.45959595959596,7573,0.024032747920243
"ggCaller",1,"5%–10%",11,396,0.0277777777777778,7573,0.00145252872045425
"ggCaller",1,"10%–15%",6,396,0.0151515151515152,7573,0.000792288392975043
"ggCaller",1,"15%–20%",2,396,0.00505050505050505,7573,0.000264096130991681
"ggCaller",1,"25%–30%",6,396,0.0151515151515152,7573,0.000792288392975043
"ggCaller",1,"30%–35%",1,396,0.00252525252525253,7573,0.00013204806549584
"ggCaller",1,"35%–40%",1,396,0.00252525252525253,7573,0.00013204806549584
"ggCaller",1,"40%–45%",1,396,0.00252525252525253,7573,0.00013204806549584
"ggCaller",1,"50%–55%",2,396,0.00505050505050505,7573,0.000264096130991681
"ggCaller",1,"65%–70%",1,396,0.00252525252525253,7573,0.00013204806549584
"ggCaller",1,"85%–90%",3,396,0.00757575757575758,7573,0.000396144196487521
"ggCaller",1,"90%–95%",5,396,0.0126262626262626,7573,0.000660240327479202
"ggCaller",1,"95%–100%",175,396,0.441919191919192,7573,0.0231084114617721
"ggCaller",2,"0%–5%",717,4530,0.158278145695364,7573,0.0946784629605176
"ggCaller",2,"5%–10%",151,4530,0.0333333333333333,7573,0.0199392578898719
"ggCaller",2,"10%–15%",62,4530,0.0136865342163355,7573,0.00818698006074211
"ggCaller",2,"15%–20%",16,4530,0.00353200883002208,7573,0.00211276904793345
"ggCaller",2,"20%–25%",21,4530,0.00463576158940397,7573,0.00277300937541265
"ggCaller",2,"25%–30%",81,4530,0.0178807947019868,7573,0.0106958933051631
"ggCaller",2,"30%–35%",56,4530,0.0123620309050773,7573,0.00739469166776707
"ggCaller",2,"35%–40%",5,4530,0.0011037527593819,7573,0.000660240327479202
"ggCaller",2,"40%–45%",2,4530,0.000441501103752759,7573,0.000264096130991681
"ggCaller",2,"45%–50%",4,4530,0.000883002207505519,7573,0.000528192261983362
"ggCaller",2,"50%–55%",1,4530,0.00022075055187638,7573,0.00013204806549584
"ggCaller",2,"55%–60%",12,4530,0.00264900662251656,7573,0.00158457678595009
"ggCaller",2,"60%–65%",17,4530,0.00375275938189845,7573,0.00224481711342929
"ggCaller",2,"65%–70%",13,4530,0.00286975717439294,7573,0.00171662485144593
"ggCaller",2,"70%–75%",22,4530,0.00485651214128035,7573,0.00290505744090849
"ggCaller",2,"75%–80%",5,4530,0.0011037527593819,7573,0.000660240327479202
"ggCaller",2,"80%–85%",3,4530,0.000662251655629139,7573,0.000396144196487521
"ggCaller",2,"85%–90%",21,4530,0.00463576158940397,7573,0.00277300937541265
"ggCaller",2,"90%–95%",59,4530,0.0130242825607064,7573,0.00779083586425459
"ggCaller",2,"95%–100%",3262,4530,0.72008830022075,7573,0.430740789647432
"ggCaller",3,"0%–5%",104,1361,0.0764144011756062,7573,0.0137329988115674
"ggCaller",3,"5%–10%",40,1361,0.0293901542983101,7573,0.00528192261983362
"ggCaller",3,"10%–15%",35,1361,0.0257163850110213,7573,0.00462168229235442
"ggCaller",3,"15%–20%",12,1361,0.00881704628949302,7573,0.00158457678595009
"ggCaller",3,"20%–25%",14,1361,0.0102865540044085,7573,0.00184867291694177
"ggCaller",3,"25%–30%",33,1361,0.0242468772961058,7573,0.00435758616136274
"ggCaller",3,"30%–35%",39,1361,0.0286554004408523,7573,0.00514987455433778
"ggCaller",3,"35%–40%",9,1361,0.00661278471711976,7573,0.00118843258946256
"ggCaller",3,"40%–45%",2,1361,0.0014695077149155,7573,0.000264096130991681
"ggCaller",3,"45%–50%",8,1361,0.00587803085966201,7573,0.00105638452396672
"ggCaller",3,"50%–55%",5,1361,0.00367376928728876,7573,0.000660240327479202
"ggCaller",3,"55%–60%",14,1361,0.0102865540044085,7573,0.00184867291694177
"ggCaller",3,"60%–65%",12,1361,0.00881704628949302,7573,0.00158457678595009
"ggCaller",3,"65%–70%",11,1361,0.00808229243203527,7573,0.00145252872045425
"ggCaller",3,"70%–75%",21,1361,0.0154298310066128,7573,0.00277300937541265
"ggCaller",3,"80%–85%",4,1361,0.00293901542983101,7573,0.000528192261983362
"ggCaller",3,"85%–90%",14,1361,0.0102865540044085,7573,0.00184867291694177
"ggCaller",3,"90%–95%",26,1361,0.0191036002939015,7573,0.00343324970289185
"ggCaller",3,"95%–100%",958,1361,0.703894195444526,7573,0.126502046745015
"ggCaller",4,"0%–5%",20,417,0.0479616306954436,7573,0.00264096130991681
"ggCaller",4,"5%–10%",20,417,0.0479616306954436,7573,0.00264096130991681
"ggCaller",4,"10%–15%",18,417,0.0431654676258993,7573,0.00237686517892513
"ggCaller",4,"15%–20%",5,417,0.0119904076738609,7573,0.000660240327479202
"ggCaller",4,"20%–25%",4,417,0.00959232613908873,7573,0.000528192261983362
"ggCaller",4,"25%–30%",4,417,0.00959232613908873,7573,0.000528192261983362
"ggCaller",4,"30%–35%",19,417,0.0455635491606715,7573,0.00250891324442097
"ggCaller",4,"35%–40%",9,417,0.0215827338129496,7573,0.00118843258946256
"ggCaller",4,"40%–45%",4,417,0.00959232613908873,7573,0.000528192261983362
"ggCaller",4,"45%–50%",4,417,0.00959232613908873,7573,0.000528192261983362
"ggCaller",4,"50%–55%",2,417,0.00479616306954436,7573,0.000264096130991681
"ggCaller",4,"55%–60%",5,417,0.0119904076738609,7573,0.000660240327479202
"ggCaller",4,"60%–65%",5,417,0.0119904076738609,7573,0.000660240327479202
"ggCaller",4,"65%–70%",5,417,0.0119904076738609,7573,0.000660240327479202
"ggCaller",4,"70%–75%",6,417,0.0143884892086331,7573,0.000792288392975043
"ggCaller",4,"75%–80%",5,417,0.0119904076738609,7573,0.000660240327479202
"ggCaller",4,"80%–85%",3,417,0.00719424460431655,7573,0.000396144196487521
"ggCaller",4,"85%–90%",13,417,0.0311750599520384,7573,0.00171662485144593
"ggCaller",4,"90%–95%",26,417,0.0623501199040767,7573,0.00343324970289185
"ggCaller",4,"95%–100%",240,417,0.575539568345324,7573,0.0316915357190017
"ggCaller",5,"0%–5%",3,140,0.0214285714285714,7573,0.000396144196487521
"ggCaller",5,"5%–10%",3,140,0.0214285714285714,7573,0.000396144196487521
"ggCaller",5,"10%–15%",5,140,0.0357142857142857,7573,0.000660240327479202
"ggCaller",5,"15%–20%",1,140,0.00714285714285714,7573,0.00013204806549584
"ggCaller",5,"20%–25%",4,140,0.0285714285714286,7573,0.000528192261983362
"ggCaller",5,"25%–30%",6,140,0.0428571428571429,7573,0.000792288392975043
"ggCaller",5,"30%–35%",8,140,0.0571428571428571,7573,0.00105638452396672
"ggCaller",5,"35%–40%",3,140,0.0214285714285714,7573,0.000396144196487521
"ggCaller",5,"40%–45%",1,140,0.00714285714285714,7573,0.00013204806549584
"ggCaller",5,"55%–60%",5,140,0.0357142857142857,7573,0.000660240327479202
"ggCaller",5,"60%–65%",5,140,0.0357142857142857,7573,0.000660240327479202
"ggCaller",5,"65%–70%",2,140,0.0142857142857143,7573,0.000264096130991681
"ggCaller",5,"70%–75%",4,140,0.0285714285714286,7573,0.000528192261983362
"ggCaller",5,"75%–80%",2,140,0.0142857142857143,7573,0.000264096130991681
"ggCaller",5,"80%–85%",5,140,0.0357142857142857,7573,0.000660240327479202
"ggCaller",5,"85%–90%",6,140,0.0428571428571429,7573,0.000792288392975043
"ggCaller",5,"90%–95%",14,140,0.1,7573,0.00184867291694177
"ggCaller",5,"95%–100%",63,140,0.45,7573,0.00831902812623795
"ggCaller",6,"0%–5%",1,81,0.0123456790123457,7573,0.00013204806549584
"ggCaller",6,"5%–10%",4,81,0.0493827160493827,7573,0.000528192261983362
"ggCaller",6,"10%–15%",4,81,0.0493827160493827,7573,0.000528192261983362
"ggCaller",6,"20%–25%",1,81,0.0123456790123457,7573,0.00013204806549584
"ggCaller",6,"25%–30%",5,81,0.0617283950617284,7573,0.000660240327479202
"ggCaller",6,"30%–35%",3,81,0.037037037037037,7573,0.000396144196487521
"ggCaller",6,"35%–40%",4,81,0.0493827160493827,7573,0.000528192261983362
"ggCaller",6,"40%–45%",3,81,0.037037037037037,7573,0.000396144196487521
"ggCaller",6,"45%–50%",3,81,0.037037037037037,7573,0.000396144196487521
"ggCaller",6,"55%–60%",5,81,0.0617283950617284,7573,0.000660240327479202
"ggCaller",6,"60%–65%",3,81,0.037037037037037,7573,0.000396144196487521
"ggCaller",6,"65%–70%",2,81,0.0246913580246914,7573,0.000264096130991681
"ggCaller",6,"70%–75%",2,81,0.0246913580246914,7573,0.000264096130991681
"ggCaller",6,"80%–85%",2,81,0.0246913580246914,7573,0.000264096130991681
"ggCaller",6,"85%–90%",7,81,0.0864197530864197,7573,0.000924336458470883
"ggCaller",6,"90%–95%",7,81,0.0864197530864197,7573,0.000924336458470883
"ggCaller",6,"95%–100%",25,81,0.308641975308642,7573,0.00330120163739601
"ggCaller",7,"10%–15%",1,50,0.02,7573,0.00013204806549584
"ggCaller",7,"15%–20%",1,50,0.02,7573,0.00013204806549584
"ggCaller",7,"20%–25%",1,50,0.02,7573,0.00013204806549584
"ggCaller",7,"30%–35%",3,50,0.06,7573,0.000396144196487521
"ggCaller",7,"35%–40%",2,50,0.04,7573,0.000264096130991681
"ggCaller",7,"45%–50%",2,50,0.04,7573,0.000264096130991681
"ggCaller",7,"50%–55%",1,50,0.02,7573,0.00013204806549584
"ggCaller",7,"55%–60%",4,50,0.08,7573,0.000528192261983362
"ggCaller",7,"60%–65%",2,50,0.04,7573,0.000264096130991681
"ggCaller",7,"65%–70%",3,50,0.06,7573,0.000396144196487521
"ggCaller",7,"70%–75%",1,50,0.02,7573,0.00013204806549584
"ggCaller",7,"80%–85%",1,50,0.02,7573,0.00013204806549584
"ggCaller",7,"85%–90%",3,50,0.06,7573,0.000396144196487521
"ggCaller",7,"90%–95%",9,50,0.18,7573,0.00118843258946256
"ggCaller",7,"95%–100%",16,50,0.32,7573,0.00211276904793345
"ggCaller",8,"5%–10%",1,32,0.03125,7573,0.00013204806549584
"ggCaller",8,"10%–15%",1,32,0.03125,7573,0.00013204806549584
"ggCaller",8,"25%–30%",1,32,0.03125,7573,0.00013204806549584
"ggCaller",8,"30%–35%",1,32,0.03125,7573,0.00013204806549584
"ggCaller",8,"35%–40%",5,32,0.15625,7573,0.000660240327479202
"ggCaller",8,"40%–45%",1,32,0.03125,7573,0.00013204806549584
"ggCaller",8,"45%–50%",1,32,0.03125,7573,0.00013204806549584
"ggCaller",8,"55%–60%",1,32,0.03125,7573,0.00013204806549584
"ggCaller",8,"60%–65%",1,32,0.03125,7573,0.00013204806549584
"ggCaller",8,"70%–75%",3,32,0.09375,7573,0.000396144196487521
"ggCaller",8,"75%–80%",2,32,0.0625,7573,0.000264096130991681
"ggCaller",8,"80%–85%",1,32,0.03125,7573,0.00013204806549584
"ggCaller",8,"90%–95%",1,32,0.03125,7573,0.00013204806549584
"ggCaller",8,"95%–100%",12,32,0.375,7573,0.00158457678595009
"ggCaller",9,"10%–15%",1,27,0.037037037037037,7573,0.00013204806549584
"ggCaller",9,"20%–25%",2,27,0.0740740740740741,7573,0.000264096130991681
"ggCaller",9,"35%–40%",1,27,0.037037037037037,7573,0.00013204806549584
"ggCaller",9,"40%–45%",1,27,0.037037037037037,7573,0.00013204806549584
"ggCaller",9,"45%–50%",2,27,0.0740740740740741,7573,0.000264096130991681
"ggCaller",9,"50%–55%",1,27,0.037037037037037,7573,0.00013204806549584
"ggCaller",9,"55%–60%",1,27,0.037037037037037,7573,0.00013204806549584
"ggCaller",9,"60%–65%",1,27,0.037037037037037,7573,0.00013204806549584
"ggCaller",9,"65%–70%",2,27,0.0740740740740741,7573,0.000264096130991681
"ggCaller",9,"70%–75%",1,27,0.037037037037037,7573,0.00013204806549584
"ggCaller",9,"75%–80%",2,27,0.0740740740740741,7573,0.000264096130991681
"ggCaller",9,"80%–85%",4,27,0.148148148148148,7573,0.000528192261983362
"ggCaller",9,"90%–95%",3,27,0.111111111111111,7573,0.000396144196487521
"ggCaller",9,"95%–100%",5,27,0.185185185185185,7573,0.000660240327479202
"ggCaller",10,"10%–15%",1,32,0.03125,7573,0.00013204806549584
"ggCaller",10,"20%–25%",1,32,0.03125,7573,0.00013204806549584
"ggCaller",10,"25%–30%",1,32,0.03125,7573,0.00013204806549584
"ggCaller",10,"40%–45%",1,32,0.03125,7573,0.00013204806549584
"ggCaller",10,"60%–65%",3,32,0.09375,7573,0.000396144196487521
"ggCaller",10,"70%–75%",1,32,0.03125,7573,0.00013204806549584
"ggCaller",10,"85%–90%",8,32,0.25,7573,0.00105638452396672
"ggCaller",10,"90%–95%",6,32,0.1875,7573,0.000792288392975043
"ggCaller",10,"95%–100%",10,32,0.3125,7573,0.0013204806549584
