"Stx_type","fragmentation_status","Tool","complete_genomes","TP","FP","FN","precision","recall"
"stx_A","Collapsed stx","BAKTA",0,28,0,16,1,0.636363636363636
"stx_A","Collapsed stx","BAKTA",11,28,0,16,1,0.636363636363636
"stx_A","Collapsed stx","BAKTA",50,40,0,4,1,0.909090909090909
"stx_A","Collapsed stx","BAKTA",89,44,0,0,1,1
"stx_A","Collapsed stx","BAKTA",100,44,0,0,1,1
"stx_A","Collapsed stx","PPanGGOLiN",0,28,0,16,1,0.636363636363636
"stx_A","Collapsed stx","PPanGGOLiN",11,28,0,16,1,0.636363636363636
"stx_A","Collapsed stx","PPanGGOLiN",50,28,0,16,1,0.636363636363636
"stx_A","Collapsed stx","PPanGGOLiN",89,28,0,16,1,0.636363636363636
"stx_A","Collapsed stx","PPanGGOLiN",100,28,0,16,1,0.636363636363636
"stx_A","Collapsed stx","Panaroo",0,28,0,16,1,0.636363636363636
"stx_A","Collapsed stx","Panaroo",11,28,0,16,1,0.636363636363636
"stx_A","Collapsed stx","Panaroo",50,28,0,16,1,0.636363636363636
"stx_A","Collapsed stx","Panaroo",89,28,0,16,1,0.636363636363636
"stx_A","Collapsed stx","Panaroo",100,28,0,16,1,0.636363636363636
"stx_A","Collapsed stx","Roary",0,15,0,29,1,0.340909090909091
"stx_A","Collapsed stx","Roary",11,15,0,29,1,0.340909090909091
"stx_A","Collapsed stx","Roary",50,22,0,22,1,0.5
"stx_A","Collapsed stx","Roary",89,24,0,20,1,0.545454545454545
"stx_A","Collapsed stx","Roary",100,24,0,20,1,0.545454545454545
"stx_A","Collapsed stx","ggCaller",0,30,0,14,1,0.681818181818182
"stx_A","Collapsed stx","ggCaller",11,30,0,14,1,0.681818181818182
"stx_A","Collapsed stx","ggCaller",50,44,14,0,0.758620689655172,1
"stx_A","Collapsed stx","ggCaller",89,44,14,0,0.758620689655172,1
"stx_A","Collapsed stx","ggCaller",100,44,14,0,0.758620689655172,1
"stx_A","Complete stx","BAKTA",0,181,0,2,1,0.989071038251366
"stx_A","Complete stx","BAKTA",11,181,0,2,1,0.989071038251366
"stx_A","Complete stx","BAKTA",50,182,0,1,1,0.994535519125683
"stx_A","Complete stx","BAKTA",89,183,0,0,1,1
"stx_A","Complete stx","BAKTA",100,183,0,0,1,1
"stx_A","Complete stx","PPanGGOLiN",0,181,0,2,1,0.989071038251366
"stx_A","Complete stx","PPanGGOLiN",11,181,0,2,1,0.989071038251366
"stx_A","Complete stx","PPanGGOLiN",50,181,0,2,1,0.989071038251366
"stx_A","Complete stx","PPanGGOLiN",89,181,0,2,1,0.989071038251366
"stx_A","Complete stx","PPanGGOLiN",100,181,0,2,1,0.989071038251366
"stx_A","Complete stx","Panaroo",0,181,0,2,1,0.989071038251366
"stx_A","Complete stx","Panaroo",11,181,0,2,1,0.989071038251366
"stx_A","Complete stx","Panaroo",50,181,0,2,1,0.989071038251366
"stx_A","Complete stx","Panaroo",89,181,0,2,1,0.989071038251366
"stx_A","Complete stx","Panaroo",100,181,0,2,1,0.989071038251366
"stx_A","Complete stx","Roary",0,129,0,54,1,0.704918032786885
"stx_A","Complete stx","Roary",11,129,0,54,1,0.704918032786885
"stx_A","Complete stx","Roary",50,130,0,53,1,0.710382513661202
"stx_A","Complete stx","Roary",89,131,0,52,1,0.715846994535519
"stx_A","Complete stx","Roary",100,131,0,52,1,0.715846994535519
"stx_A","Complete stx","ggCaller",0,181,59,2,0.754166666666667,0.989071038251366
"stx_A","Complete stx","ggCaller",11,181,59,2,0.754166666666667,0.989071038251366
"stx_A","Complete stx","ggCaller",50,183,238,0,0.434679334916865,1
"stx_A","Complete stx","ggCaller",89,183,240,0,0.432624113475177,1
"stx_A","Complete stx","ggCaller",100,183,240,0,0.432624113475177,1
"stx_A","Fragmented stx","BAKTA",0,20,0,70,1,0.222222222222222
"stx_A","Fragmented stx","BAKTA",11,23,0,67,1,0.255555555555556
"stx_A","Fragmented stx","BAKTA",50,68,0,22,1,0.755555555555556
"stx_A","Fragmented stx","BAKTA",89,87,0,3,1,0.966666666666667
"stx_A","Fragmented stx","BAKTA",100,90,0,0,1,1
"stx_A","Fragmented stx","PPanGGOLiN",0,18,0,72,1,0.2
"stx_A","Fragmented stx","PPanGGOLiN",11,19,0,71,1,0.211111111111111
"stx_A","Fragmented stx","PPanGGOLiN",50,39,0,51,1,0.433333333333333
"stx_A","Fragmented stx","PPanGGOLiN",89,48,0,42,1,0.533333333333333
"stx_A","Fragmented stx","PPanGGOLiN",100,49,0,41,1,0.544444444444444
"stx_A","Fragmented stx","Panaroo",0,18,0,72,1,0.2
"stx_A","Fragmented stx","Panaroo",11,19,0,71,1,0.211111111111111
"stx_A","Fragmented stx","Panaroo",50,47,0,43,1,0.522222222222222
"stx_A","Fragmented stx","Panaroo",89,56,0,34,1,0.622222222222222
"stx_A","Fragmented stx","Panaroo",100,57,0,33,1,0.633333333333333
"stx_A","Fragmented stx","Roary",0,20,0,70,1,0.222222222222222
"stx_A","Fragmented stx","Roary",11,23,0,67,1,0.255555555555556
"stx_A","Fragmented stx","Roary",50,56,0,34,1,0.622222222222222
"stx_A","Fragmented stx","Roary",89,75,0,15,1,0.833333333333333
"stx_A","Fragmented stx","Roary",100,78,0,12,1,0.866666666666667
"stx_A","Fragmented stx","ggCaller",0,20,0,70,1,0.222222222222222
"stx_A","Fragmented stx","ggCaller",11,23,0,67,1,0.255555555555556
"stx_A","Fragmented stx","ggCaller",50,68,27,22,0.71578947368421,0.755555555555556
"stx_A","Fragmented stx","ggCaller",89,86,39,4,0.688,0.955555555555556
"stx_A","Fragmented stx","ggCaller",100,90,41,0,0.687022900763359,1
"stx_B","Collapsed stx","BAKTA",0,31,0,19,1,0.62
"stx_B","Collapsed stx","BAKTA",11,31,0,19,1,0.62
"stx_B","Collapsed stx","BAKTA",50,45,0,5,1,0.9
"stx_B","Collapsed stx","BAKTA",89,50,0,0,1,1
"stx_B","Collapsed stx","BAKTA",100,50,0,0,1,1
"stx_B","Collapsed stx","PPanGGOLiN",0,31,0,19,1,0.62
"stx_B","Collapsed stx","PPanGGOLiN",11,31,0,19,1,0.62
"stx_B","Collapsed stx","PPanGGOLiN",50,31,0,19,1,0.62
"stx_B","Collapsed stx","PPanGGOLiN",89,31,0,19,1,0.62
"stx_B","Collapsed stx","PPanGGOLiN",100,31,0,19,1,0.62
"stx_B","Collapsed stx","Panaroo",0,31,0,19,1,0.62
"stx_B","Collapsed stx","Panaroo",11,31,0,19,1,0.62
"stx_B","Collapsed stx","Panaroo",50,31,0,19,1,0.62
"stx_B","Collapsed stx","Panaroo",89,31,0,19,1,0.62
"stx_B","Collapsed stx","Panaroo",100,31,0,19,1,0.62
"stx_B","Collapsed stx","Roary",0,18,0,32,1,0.36
"stx_B","Collapsed stx","Roary",11,18,0,32,1,0.36
"stx_B","Collapsed stx","Roary",50,25,0,25,1,0.5
"stx_B","Collapsed stx","Roary",89,27,0,23,1,0.54
"stx_B","Collapsed stx","Roary",100,27,0,23,1,0.54
"stx_B","Collapsed stx","ggCaller",0,31,0,19,1,0.62
"stx_B","Collapsed stx","ggCaller",11,31,0,19,1,0.62
"stx_B","Collapsed stx","ggCaller",50,32,0,18,1,0.64
"stx_B","Collapsed stx","ggCaller",89,33,0,17,1,0.66
"stx_B","Collapsed stx","ggCaller",100,33,0,17,1,0.66
"stx_B","Complete stx","BAKTA",0,180,0,0,1,1
"stx_B","Complete stx","BAKTA",11,180,0,0,1,1
"stx_B","Complete stx","BAKTA",50,180,0,0,1,1
"stx_B","Complete stx","BAKTA",89,180,0,0,1,1
"stx_B","Complete stx","BAKTA",100,180,0,0,1,1
"stx_B","Complete stx","PPanGGOLiN",0,178,0,2,1,0.988888888888889
"stx_B","Complete stx","PPanGGOLiN",11,178,0,2,1,0.988888888888889
"stx_B","Complete stx","PPanGGOLiN",50,178,0,2,1,0.988888888888889
"stx_B","Complete stx","PPanGGOLiN",89,178,0,2,1,0.988888888888889
"stx_B","Complete stx","PPanGGOLiN",100,178,0,2,1,0.988888888888889
"stx_B","Complete stx","Panaroo",0,180,0,0,1,1
"stx_B","Complete stx","Panaroo",11,180,0,0,1,1
"stx_B","Complete stx","Panaroo",50,180,0,0,1,1
"stx_B","Complete stx","Panaroo",89,180,0,0,1,1
"stx_B","Complete stx","Panaroo",100,180,0,0,1,1
"stx_B","Complete stx","Roary",0,127,0,53,1,0.705555555555556
"stx_B","Complete stx","Roary",11,127,0,53,1,0.705555555555556
"stx_B","Complete stx","Roary",50,127,0,53,1,0.705555555555556
"stx_B","Complete stx","Roary",89,127,0,53,1,0.705555555555556
"stx_B","Complete stx","Roary",100,127,0,53,1,0.705555555555556
"stx_B","Complete stx","ggCaller",0,180,0,0,1,1
"stx_B","Complete stx","ggCaller",11,180,0,0,1,1
"stx_B","Complete stx","ggCaller",50,180,18,0,0.909090909090909,1
"stx_B","Complete stx","ggCaller",89,180,17,0,0.913705583756345,1
"stx_B","Complete stx","ggCaller",100,180,20,0,0.9,1
"stx_B","Fragmented stx","BAKTA",0,9,0,99,1,0.0833333333333333
"stx_B","Fragmented stx","BAKTA",11,13,0,95,1,0.12037037037037
"stx_B","Fragmented stx","BAKTA",50,81,0,27,1,0.75
"stx_B","Fragmented stx","BAKTA",89,103,0,5,1,0.953703703703704
"stx_B","Fragmented stx","BAKTA",100,107,0,1,1,0.990740740740741
"stx_B","Fragmented stx","PPanGGOLiN",0,9,0,99,1,0.0833333333333333
"stx_B","Fragmented stx","PPanGGOLiN",11,11,0,97,1,0.101851851851852
"stx_B","Fragmented stx","PPanGGOLiN",50,41,0,67,1,0.37962962962963
"stx_B","Fragmented stx","PPanGGOLiN",89,53,0,55,1,0.490740740740741
"stx_B","Fragmented stx","PPanGGOLiN",100,55,0,53,1,0.509259259259259
"stx_B","Fragmented stx","Panaroo",0,9,0,99,1,0.0833333333333333
"stx_B","Fragmented stx","Panaroo",11,13,0,95,1,0.12037037037037
"stx_B","Fragmented stx","Panaroo",50,73,0,35,1,0.675925925925926
"stx_B","Fragmented stx","Panaroo",89,95,0,13,1,0.87962962962963
"stx_B","Fragmented stx","Panaroo",100,99,0,9,1,0.916666666666667
"stx_B","Fragmented stx","Roary",0,9,0,99,1,0.0833333333333333
"stx_B","Fragmented stx","Roary",11,11,0,97,1,0.101851851851852
"stx_B","Fragmented stx","Roary",50,42,0,66,1,0.388888888888889
"stx_B","Fragmented stx","Roary",89,53,0,55,1,0.490740740740741
"stx_B","Fragmented stx","Roary",100,55,0,53,1,0.509259259259259
"stx_B","Fragmented stx","ggCaller",0,11,0,97,1,0.101851851851852
"stx_B","Fragmented stx","ggCaller",11,15,0,93,1,0.138888888888889
"stx_B","Fragmented stx","ggCaller",50,73,0,35,1,0.675925925925926
"stx_B","Fragmented stx","ggCaller",89,95,0,13,1,0.87962962962963
"stx_B","Fragmented stx","ggCaller",100,99,0,9,1,0.916666666666667
